#
# There is insufficient memory for the Java Runtime Environment to continue.
# Native memory allocation (malloc) failed to allocate 1777296 bytes. Error detail: Chunk::new
# Possible reasons:
#   The system is out of physical RAM or swap space
#   This process is running with CompressedOops enabled, and the Java Heap may be blocking the growth of the native heap
# Possible solutions:
#   Reduce memory load on the system
#   Increase physical memory or swap space
#   Check if swap backing store is full
#   Decrease Java heap size (-Xmx/-Xms)
#   Decrease number of Java threads
#   Decrease Java thread stack sizes (-Xss)
#   Set larger code cache with -XX:ReservedCodeCacheSize=
#   JVM is running with Unscaled Compressed Oops mode in which the Java heap is
#     placed in the first 4GB address space. The Java Heap base address is the
#     maximum limit for the native heap growth. Please use -XX:HeapBaseMinAddress
#     to set the Java Heap base and to place the Java Heap above 4GB virtual address.
# This output file may be truncated or incomplete.
#
#  Out of Memory Error (arena.cpp:168), pid=10268, tid=144
#
# JRE version: OpenJDK Runtime Environment (21.0.6) (build 21.0.6+-13368085-b895.109)
# Java VM: OpenJDK 64-Bit Server VM (21.0.6+-13368085-b895.109, mixed mode, tiered, compressed oops, compressed class ptrs, g1 gc, windows-amd64)
# No core dump will be written. Minidumps are not enabled by default on client versions of Windows
#

---------------  S U M M A R Y ------------

Command Line: --add-opens=java.base/java.lang=ALL-UNNAMED --add-opens=java.base/java.lang.invoke=ALL-UNNAMED --add-opens=java.base/java.util=ALL-UNNAMED --add-opens=java.prefs/java.util.prefs=ALL-UNNAMED --add-exports=jdk.compiler/com.sun.tools.javac.api=ALL-UNNAMED --add-exports=jdk.compiler/com.sun.tools.javac.util=ALL-UNNAMED --add-opens=java.base/java.util=ALL-UNNAMED --add-opens=java.prefs/java.util.prefs=ALL-UNNAMED --add-opens=java.base/java.nio.charset=ALL-UNNAMED --add-opens=java.base/java.net=ALL-UNNAMED --add-opens=java.base/java.util.concurrent.atomic=ALL-UNNAMED --add-opens=java.xml/javax.xml.namespace=ALL-UNNAMED -Xmx2048m -Dfile.encoding=UTF-8 -Duser.country=IN -Duser.language=en -Duser.variant -javaagent:C:\Users\vipla\.gradle\wrapper\dists\gradle-8.11.1-bin\bpt9gzteqjrbo1mjrsomdt32c\gradle-8.11.1\lib\agents\gradle-instrumentation-agent-8.11.1.jar org.gradle.launcher.daemon.bootstrap.GradleDaemon 8.11.1

Host: Intel(R) Core(TM) i5-1035G1 CPU @ 1.00GHz, 8 cores, 7G,  Windows 11 , 64 bit Build 26100 (10.0.26100.8115)
Time: Fri Apr 10 02:29:30 2026 India Standard Time elapsed time: 99.957904 seconds (0d 0h 1m 39s)

---------------  T H R E A D  ---------------

Current thread (0x000001e62f099870):  JavaThread "C2 CompilerThread0" daemon [_thread_in_native, id=144, stack(0x00000021b7b00000,0x00000021b7c00000) (1024K)]


Current CompileTask:
C2:99958 13978       4       org.gradle.internal.operations.DefaultBuildOperationRunner::execute (147 bytes)

Stack: [0x00000021b7b00000,0x00000021b7c00000]
Native frames: (J=compiled Java code, j=interpreted, Vv=VM code, C=native code)
V  [jvm.dll+0x6d0639]
V  [jvm.dll+0x85eb03]
V  [jvm.dll+0x86105e]
V  [jvm.dll+0x861743]
V  [jvm.dll+0x27e6e6]
V  [jvm.dll+0xbff6d]
V  [jvm.dll+0xc04a3]
V  [jvm.dll+0x3b6171]
V  [jvm.dll+0x3820c7]
V  [jvm.dll+0x38153a]
V  [jvm.dll+0x247c82]
V  [jvm.dll+0x247251]
V  [jvm.dll+0x1c5f04]
V  [jvm.dll+0x2569ac]
V  [jvm.dll+0x254ef6]
V  [jvm.dll+0x3f0e96]
V  [jvm.dll+0x806ed8]
V  [jvm.dll+0x6cef0d]
C  [ucrtbase.dll+0x37b0]
C  [KERNEL32.DLL+0x2e8d7]
C  [ntdll.dll+0x8c3fc]


---------------  P R O C E S S  ---------------

Threads class SMR info:
_java_thread_list=0x000001e632afa6d0, length=80, elements={
0x000001e611277990, 0x000001e62f075ee0, 0x000001e62f076930, 0x000001e62f077860,
0x000001e62f08d3d0, 0x000001e62f08de20, 0x000001e62f08e870, 0x000001e62f099870,
0x000001e62f09da60, 0x000001e62f19e0e0, 0x000001e62f382230, 0x000001e631092b80,
0x000001e6307ea860, 0x000001e630f65040, 0x000001e630f45460, 0x000001e630f45ac0,
0x000001e630f46120, 0x000001e6310cb3b0, 0x000001e6311e7ba0, 0x000001e6311e7510,
0x000001e6311e67f0, 0x000001e6311e6e80, 0x000001e62f219250, 0x000001e62f2198e0,
0x000001e62f217ea0, 0x000001e62f21a600, 0x000001e62f21b9b0, 0x000001e62f219f70,
0x000001e62f21b320, 0x000001e62f218530, 0x000001e62f21c040, 0x000001e62f218bc0,
0x000001e62f21cd60, 0x000001e62f21d3f0, 0x000001e62f21da80, 0x000001e62f21e7a0,
0x000001e62f21e110, 0x000001e62f21ee30, 0x000001e635a97320, 0x000001e635a96c90,
0x000001e635a979b0, 0x000001e635a98040, 0x000001e635a986d0, 0x000001e635a96600,
0x000001e635a98d60, 0x000001e635a95f70, 0x000001e635a9c870, 0x000001e635a9a7a0,
0x000001e635a9bb50, 0x000001e635a9ae30, 0x000001e635a9b4c0, 0x000001e635a99a80,
0x000001e635a9c1e0, 0x000001e635a9cf00, 0x000001e635a9d590, 0x000001e6339dd910,
0x000001e6339db1b0, 0x000001e6339df350, 0x000001e6339df9e0, 0x000001e6339e0070,
0x000001e6339e0700, 0x000001e6339e0d90, 0x000001e6339e1420, 0x000001e635332fe0,
0x000001e635334390, 0x000001e635331c30, 0x000001e635338530, 0x000001e6353350b0,
0x000001e635335740, 0x000001e635336af0, 0x000001e635338bc0, 0x000001e635335dd0,
0x000001e635337180, 0x000001e6361ab310, 0x000001e6361ab9a0, 0x000001e6361acd50,
0x000001e6361ac030, 0x000001e6361a98d0, 0x000001e6361a9f60, 0x000001e6361aa5f0
}

Java Threads: ( => current thread )
  0x000001e611277990 JavaThread "main"                              [_thread_blocked, id=10580, stack(0x00000021b6d00000,0x00000021b6e00000) (1024K)]
  0x000001e62f075ee0 JavaThread "Reference Handler"          daemon [_thread_blocked, id=6908, stack(0x00000021b7500000,0x00000021b7600000) (1024K)]
  0x000001e62f076930 JavaThread "Finalizer"                  daemon [_thread_blocked, id=22972, stack(0x00000021b7600000,0x00000021b7700000) (1024K)]
  0x000001e62f077860 JavaThread "Signal Dispatcher"          daemon [_thread_blocked, id=17604, stack(0x00000021b7700000,0x00000021b7800000) (1024K)]
  0x000001e62f08d3d0 JavaThread "Attach Listener"            daemon [_thread_blocked, id=22468, stack(0x00000021b7800000,0x00000021b7900000) (1024K)]
  0x000001e62f08de20 JavaThread "Service Thread"             daemon [_thread_blocked, id=10344, stack(0x00000021b7900000,0x00000021b7a00000) (1024K)]
  0x000001e62f08e870 JavaThread "Monitor Deflation Thread"   daemon [_thread_blocked, id=6532, stack(0x00000021b7a00000,0x00000021b7b00000) (1024K)]
=>0x000001e62f099870 JavaThread "C2 CompilerThread0"         daemon [_thread_in_native, id=144, stack(0x00000021b7b00000,0x00000021b7c00000) (1024K)]
  0x000001e62f09da60 JavaThread "C1 CompilerThread0"         daemon [_thread_blocked, id=20468, stack(0x00000021b7c00000,0x00000021b7d00000) (1024K)]
  0x000001e62f19e0e0 JavaThread "Common-Cleaner"             daemon [_thread_blocked, id=7312, stack(0x00000021b7d00000,0x00000021b7e00000) (1024K)]
  0x000001e62f382230 JavaThread "Notification Thread"        daemon [_thread_blocked, id=14580, stack(0x00000021b7e00000,0x00000021b7f00000) (1024K)]
  0x000001e631092b80 JavaThread "Daemon health stats"               [_thread_blocked, id=22812, stack(0x00000021b8500000,0x00000021b8600000) (1024K)]
  0x000001e6307ea860 JavaThread "Incoming local TCP Connector on port 57982"        [_thread_in_native, id=13152, stack(0x00000021b8000000,0x00000021b8100000) (1024K)]
  0x000001e630f65040 JavaThread "Daemon periodic checks"            [_thread_blocked, id=18212, stack(0x00000021b8700000,0x00000021b8800000) (1024K)]
  0x000001e630f45460 JavaThread "Daemon"                            [_thread_blocked, id=22336, stack(0x00000021b8800000,0x00000021b8900000) (1024K)]
  0x000001e630f45ac0 JavaThread "Handler for socket connection from /127.0.0.1:57982 to /127.0.0.1:57983"        [_thread_in_native, id=2916, stack(0x00000021b8900000,0x00000021b8a00000) (1024K)]
  0x000001e630f46120 JavaThread "Cancel handler"                    [_thread_blocked, id=4224, stack(0x00000021b8a00000,0x00000021b8b00000) (1024K)]
  0x000001e6310cb3b0 JavaThread "Daemon worker"                     [_thread_blocked, id=15100, stack(0x00000021b8b00000,0x00000021b8c00000) (1024K)]
  0x000001e6311e7ba0 JavaThread "Asynchronous log dispatcher for DefaultDaemonConnection: socket connection from /127.0.0.1:57982 to /127.0.0.1:57983"        [_thread_blocked, id=18844, stack(0x00000021b8c00000,0x00000021b8d00000) (1024K)]
  0x000001e6311e7510 JavaThread "Stdin handler"                     [_thread_blocked, id=10612, stack(0x00000021b8d00000,0x00000021b8e00000) (1024K)]
  0x000001e6311e67f0 JavaThread "Daemon client event forwarder"        [_thread_blocked, id=14860, stack(0x00000021b8e00000,0x00000021b8f00000) (1024K)]
  0x000001e6311e6e80 JavaThread "Cache worker for journal cache (C:\Users\vipla\.gradle\caches\journal-1)"        [_thread_blocked, id=8236, stack(0x00000021b8600000,0x00000021b8700000) (1024K)]
  0x000001e62f219250 JavaThread "File lock request listener"        [_thread_in_native, id=20016, stack(0x00000021b9200000,0x00000021b9300000) (1024K)]
  0x000001e62f2198e0 JavaThread "Cache worker for file hash cache (C:\Users\vipla\.gradle\caches\8.11.1\fileHashes)"        [_thread_blocked, id=2468, stack(0x00000021b9300000,0x00000021b9400000) (1024K)]
  0x000001e62f217ea0 JavaThread "Cache worker for file content cache (C:\Users\vipla\.gradle\caches\8.11.1\fileContent)"        [_thread_blocked, id=7068, stack(0x00000021b9500000,0x00000021b9600000) (1024K)]
  0x000001e62f21a600 JavaThread "Cache worker for file hash cache (D:\slotify3\.gradle\8.11.1\fileHashes)"        [_thread_in_Java, id=7200, stack(0x00000021b9700000,0x00000021b9800000) (1024K)]
  0x000001e62f21b9b0 JavaThread "Cache worker for Build Output Cleanup Cache (D:\slotify3\.gradle\buildOutputCleanup)"        [_thread_blocked, id=18220, stack(0x00000021b9800000,0x00000021b9900000) (1024K)]
  0x000001e62f219f70 JavaThread "File watcher server"        daemon [_thread_in_native, id=20520, stack(0x00000021b9400000,0x00000021b9500000) (1024K)]
  0x000001e62f21b320 JavaThread "File watcher consumer"      daemon [_thread_blocked, id=10104, stack(0x00000021b9600000,0x00000021b9700000) (1024K)]
  0x000001e62f218530 JavaThread "Cache worker for checksums cache (D:\slotify3\.gradle\8.11.1\checksums)"        [_thread_blocked, id=20260, stack(0x00000021b9b00000,0x00000021b9c00000) (1024K)]
  0x000001e62f21c040 JavaThread "Cache worker for cache directory md-rule (C:\Users\vipla\.gradle\caches\8.11.1\md-rule)"        [_thread_blocked, id=4172, stack(0x00000021b9c00000,0x00000021b9d00000) (1024K)]
  0x000001e62f218bc0 JavaThread "Cache worker for cache directory md-supplier (C:\Users\vipla\.gradle\caches\8.11.1\md-supplier)"        [_thread_blocked, id=740, stack(0x00000021b9d00000,0x00000021b9e00000) (1024K)]
  0x000001e62f21cd60 JavaThread "Unconstrained build operations"        [_thread_blocked, id=16720, stack(0x00000021b9e00000,0x00000021b9f00000) (1024K)]
  0x000001e62f21d3f0 JavaThread "Unconstrained build operations Thread 2"        [_thread_blocked, id=3168, stack(0x00000021b9f00000,0x00000021ba000000) (1024K)]
  0x000001e62f21da80 JavaThread "Unconstrained build operations Thread 3"        [_thread_blocked, id=12440, stack(0x00000021ba000000,0x00000021ba100000) (1024K)]
  0x000001e62f21e7a0 JavaThread "Unconstrained build operations Thread 4"        [_thread_blocked, id=14836, stack(0x00000021ba100000,0x00000021ba200000) (1024K)]
  0x000001e62f21e110 JavaThread "Unconstrained build operations Thread 5"        [_thread_blocked, id=15340, stack(0x00000021ba200000,0x00000021ba300000) (1024K)]
  0x000001e62f21ee30 JavaThread "Unconstrained build operations Thread 6"        [_thread_blocked, id=16728, stack(0x00000021ba300000,0x00000021ba400000) (1024K)]
  0x000001e635a97320 JavaThread "Unconstrained build operations Thread 7"        [_thread_blocked, id=8456, stack(0x00000021ba400000,0x00000021ba500000) (1024K)]
  0x000001e635a96c90 JavaThread "Unconstrained build operations Thread 8"        [_thread_blocked, id=19192, stack(0x00000021ba600000,0x00000021ba700000) (1024K)]
  0x000001e635a979b0 JavaThread "Unconstrained build operations Thread 9"        [_thread_blocked, id=14068, stack(0x00000021ba700000,0x00000021ba800000) (1024K)]
  0x000001e635a98040 JavaThread "Unconstrained build operations Thread 10"        [_thread_blocked, id=21480, stack(0x00000021ba800000,0x00000021ba900000) (1024K)]
  0x000001e635a986d0 JavaThread "Unconstrained build operations Thread 11"        [_thread_blocked, id=18044, stack(0x00000021ba900000,0x00000021baa00000) (1024K)]
  0x000001e635a96600 JavaThread "Unconstrained build operations Thread 12"        [_thread_blocked, id=2964, stack(0x00000021baa00000,0x00000021bab00000) (1024K)]
  0x000001e635a98d60 JavaThread "Unconstrained build operations Thread 13"        [_thread_blocked, id=19944, stack(0x00000021bab00000,0x00000021bac00000) (1024K)]
  0x000001e635a95f70 JavaThread "Unconstrained build operations Thread 14"        [_thread_blocked, id=16540, stack(0x00000021bac00000,0x00000021bad00000) (1024K)]
  0x000001e635a9c870 JavaThread "Unconstrained build operations Thread 15"        [_thread_blocked, id=6440, stack(0x00000021bad00000,0x00000021bae00000) (1024K)]
  0x000001e635a9a7a0 JavaThread "Unconstrained build operations Thread 16"        [_thread_blocked, id=1508, stack(0x00000021bae00000,0x00000021baf00000) (1024K)]
  0x000001e635a9bb50 JavaThread "Unconstrained build operations Thread 17"        [_thread_blocked, id=19932, stack(0x00000021baf00000,0x00000021bb000000) (1024K)]
  0x000001e635a9ae30 JavaThread "Unconstrained build operations Thread 18"        [_thread_blocked, id=18672, stack(0x00000021bb000000,0x00000021bb100000) (1024K)]
  0x000001e635a9b4c0 JavaThread "Unconstrained build operations Thread 19"        [_thread_blocked, id=16292, stack(0x00000021bb100000,0x00000021bb200000) (1024K)]
  0x000001e635a99a80 JavaThread "Unconstrained build operations Thread 20"        [_thread_blocked, id=23128, stack(0x00000021bb200000,0x00000021bb300000) (1024K)]
  0x000001e635a9c1e0 JavaThread "Unconstrained build operations Thread 21"        [_thread_blocked, id=7640, stack(0x00000021bb300000,0x00000021bb400000) (1024K)]
  0x000001e635a9cf00 JavaThread "build event listener"              [_thread_blocked, id=19752, stack(0x00000021b6b00000,0x00000021b6c00000) (1024K)]
  0x000001e635a9d590 JavaThread "Memory manager"                    [_thread_blocked, id=11548, stack(0x00000021ba500000,0x00000021ba600000) (1024K)]
  0x000001e6339dd910 JavaThread "build event listener"              [_thread_blocked, id=12668, stack(0x00000021bb500000,0x00000021bb600000) (1024K)]
  0x000001e6339db1b0 JavaThread "included builds"                   [_thread_blocked, id=22716, stack(0x00000021b6a00000,0x00000021b6b00000) (1024K)]
  0x000001e6339df350 JavaThread "Execution worker"                  [_thread_blocked, id=8000, stack(0x00000021b6c00000,0x00000021b6d00000) (1024K)]
  0x000001e6339df9e0 JavaThread "Execution worker Thread 2"         [_thread_blocked, id=13996, stack(0x00000021bb600000,0x00000021bb700000) (1024K)]
  0x000001e6339e0070 JavaThread "Execution worker Thread 3"         [_thread_blocked, id=16460, stack(0x00000021bb700000,0x00000021bb800000) (1024K)]
  0x000001e6339e0700 JavaThread "Execution worker Thread 4"         [_thread_blocked, id=23164, stack(0x00000021bb800000,0x00000021bb900000) (1024K)]
  0x000001e6339e0d90 JavaThread "Execution worker Thread 5"         [_thread_blocked, id=22144, stack(0x00000021bb900000,0x00000021bba00000) (1024K)]
  0x000001e6339e1420 JavaThread "Execution worker Thread 6"         [_thread_in_native, id=20996, stack(0x00000021bba00000,0x00000021bbb00000) (1024K)]
  0x000001e635332fe0 JavaThread "Execution worker Thread 7"         [_thread_blocked, id=20716, stack(0x00000021bbb00000,0x00000021bbc00000) (1024K)]
  0x000001e635334390 JavaThread "Cache worker for execution history cache (D:\slotify3\.gradle\8.11.1\executionHistory)"        [_thread_blocked, id=12888, stack(0x00000021bbc00000,0x00000021bbd00000) (1024K)]
  0x000001e635331c30 JavaThread "Problems report writer"            [_thread_blocked, id=3388, stack(0x00000021bbd00000,0x00000021bbe00000) (1024K)]
  0x000001e635338530 JavaThread "Unconstrained build operations Thread 22"        [_thread_blocked, id=7020, stack(0x00000021bbe00000,0x00000021bbf00000) (1024K)]
  0x000001e6353350b0 JavaThread "Unconstrained build operations Thread 23"        [_thread_blocked, id=7624, stack(0x00000021bbf00000,0x00000021bc000000) (1024K)]
  0x000001e635335740 JavaThread "Unconstrained build operations Thread 24"        [_thread_blocked, id=18072, stack(0x00000021bc000000,0x00000021bc100000) (1024K)]
  0x000001e635336af0 JavaThread "Unconstrained build operations Thread 25"        [_thread_blocked, id=664, stack(0x00000021bc100000,0x00000021bc200000) (1024K)]
  0x000001e635338bc0 JavaThread "Unconstrained build operations Thread 26"        [_thread_blocked, id=11508, stack(0x00000021bc200000,0x00000021bc300000) (1024K)]
  0x000001e635335dd0 JavaThread "Unconstrained build operations Thread 27"        [_thread_blocked, id=23180, stack(0x00000021bc300000,0x00000021bc400000) (1024K)]
  0x000001e635337180 JavaThread "Unconstrained build operations Thread 28"        [_thread_blocked, id=2636, stack(0x00000021bc400000,0x00000021bc500000) (1024K)]
  0x000001e6361ab310 JavaThread "Unconstrained build operations Thread 29"        [_thread_blocked, id=19604, stack(0x00000021bc500000,0x00000021bc600000) (1024K)]
  0x000001e6361ab9a0 JavaThread "Unconstrained build operations Thread 30"        [_thread_blocked, id=15500, stack(0x00000021bc600000,0x00000021bc700000) (1024K)]
  0x000001e6361acd50 JavaThread "Unconstrained build operations Thread 31"        [_thread_blocked, id=18108, stack(0x00000021bc700000,0x00000021bc800000) (1024K)]
  0x000001e6361ac030 JavaThread "Unconstrained build operations Thread 32"        [_thread_blocked, id=19460, stack(0x00000021bc800000,0x00000021bc900000) (1024K)]
  0x000001e6361a98d0 JavaThread "Unconstrained build operations Thread 33"        [_thread_blocked, id=8244, stack(0x00000021bc900000,0x00000021bca00000) (1024K)]
  0x000001e6361a9f60 JavaThread "Unconstrained build operations Thread 34"        [_thread_blocked, id=6000, stack(0x00000021bca00000,0x00000021bcb00000) (1024K)]
  0x000001e6361aa5f0 JavaThread "Unconstrained build operations Thread 35"        [_thread_blocked, id=1432, stack(0x00000021bcb00000,0x00000021bcc00000) (1024K)]
Total: 80

Other Threads:
  0x000001e62f0156d0 VMThread "VM Thread"                           [id=22620, stack(0x00000021b7400000,0x00000021b7500000) (1024K)]
  0x000001e62ad2c600 WatcherThread "VM Periodic Task Thread"        [id=23332, stack(0x00000021b7300000,0x00000021b7400000) (1024K)]
  0x000001e6137015a0 WorkerThread "GC Thread#0"                     [id=10884, stack(0x00000021b6e00000,0x00000021b6f00000) (1024K)]
  0x000001e62f79a040 WorkerThread "GC Thread#1"                     [id=23080, stack(0x00000021b8100000,0x00000021b8200000) (1024K)]
  0x000001e62f52f470 WorkerThread "GC Thread#2"                     [id=12812, stack(0x00000021b8200000,0x00000021b8300000) (1024K)]
  0x000001e6302b6fb0 WorkerThread "GC Thread#3"                     [id=14372, stack(0x00000021b8300000,0x00000021b8400000) (1024K)]
  0x000001e6302b7bd0 WorkerThread "GC Thread#4"                     [id=7740, stack(0x00000021b8400000,0x00000021b8500000) (1024K)]
  0x000001e630d0e770 WorkerThread "GC Thread#5"                     [id=13840, stack(0x00000021b7f00000,0x00000021b8000000) (1024K)]
  0x000001e631239470 WorkerThread "GC Thread#6"                     [id=12720, stack(0x00000021b8f00000,0x00000021b9000000) (1024K)]
  0x000001e631370dc0 WorkerThread "GC Thread#7"                     [id=2976, stack(0x00000021b9000000,0x00000021b9100000) (1024K)]
  0x000001e613713a70 ConcurrentGCThread "G1 Main Marker"            [id=7544, stack(0x00000021b6f00000,0x00000021b7000000) (1024K)]
  0x000001e613714480 WorkerThread "G1 Conc#0"                       [id=6788, stack(0x00000021b7000000,0x00000021b7100000) (1024K)]
  0x000001e6311518d0 WorkerThread "G1 Conc#1"                       [id=14436, stack(0x00000021b9100000,0x00000021b9200000) (1024K)]
  0x000001e62abf3570 ConcurrentGCThread "G1 Refine#0"               [id=22580, stack(0x00000021b7100000,0x00000021b7200000) (1024K)]
  0x000001e62abf5f00 ConcurrentGCThread "G1 Service"                [id=8988, stack(0x00000021b7200000,0x00000021b7300000) (1024K)]
Total: 15

Threads with active compile tasks:
C2 CompilerThread0  100111 13978       4       org.gradle.internal.operations.DefaultBuildOperationRunner::execute (147 bytes)
Total: 1

VM state: not at safepoint (normal execution)

VM Mutex/Monitor currently owned by a thread: None

Heap address: 0x0000000080000000, size: 2048 MB, Compressed Oops mode: 32-bit

CDS archive(s) not mapped
Compressed class space mapped at: 0x0000000100000000-0x0000000140000000, reserved size: 1073741824
Narrow klass base: 0x0000000000000000, Narrow klass shift: 3, Narrow klass range: 0x140000000

GC Precious Log:
 CardTable entry size: 512
 Card Set container configuration: InlinePtr #cards 5 size 8 Array Of Cards #cards 12 size 40 Howl #buckets 4 coarsen threshold 1843 Howl Bitmap #cards 512 size 80 coarsen threshold 460 Card regions per heap region 1 cards per card region 2048
 CPUs: 8 total, 8 available
 Memory: 7959M
 Large Page Support: Disabled
 NUMA Support: Disabled
 Compressed Oops: Enabled (32-bit)
 Heap Region Size: 1M
 Heap Min Capacity: 8M
 Heap Initial Capacity: 126M
 Heap Max Capacity: 2G
 Pre-touch: Disabled
 Parallel Workers: 8
 Concurrent Workers: 2
 Concurrent Refinement Workers: 8
 Periodic GC: Disabled

Heap:
 garbage-first heap   total 191488K, used 136128K [0x0000000080000000, 0x0000000100000000)
  region size 1024K, 27 young (27648K), 4 survivors (4096K)
 Metaspace       used 115543K, committed 117696K, reserved 1179648K
  class space    used 15742K, committed 16832K, reserved 1048576K

Heap Regions: E=young(eden), S=young(survivor), O=old, HS=humongous(starts), HC=humongous(continues), CS=collection set, F=free, TAMS=top-at-mark-start, PB=parsable bottom
|   0|0x0000000080000000, 0x0000000080100000, 0x0000000080100000|100%| O|  |TAMS 0x0000000080000000| PB 0x0000000080000000| Untracked 
|   1|0x0000000080100000, 0x0000000080200000, 0x0000000080200000|100%|HS|  |TAMS 0x0000000080100000| PB 0x0000000080100000| Complete 
|   2|0x0000000080200000, 0x0000000080300000, 0x0000000080300000|100%|HC|  |TAMS 0x0000000080200000| PB 0x0000000080200000| Complete 
|   3|0x0000000080300000, 0x0000000080400000, 0x0000000080400000|100%|HC|  |TAMS 0x0000000080300000| PB 0x0000000080300000| Complete 
|   4|0x0000000080400000, 0x0000000080500000, 0x0000000080500000|100%| O|  |TAMS 0x0000000080400000| PB 0x0000000080400000| Untracked 
|   5|0x0000000080500000, 0x0000000080600000, 0x0000000080600000|100%| O|  |TAMS 0x0000000080500000| PB 0x0000000080500000| Untracked 
|   6|0x0000000080600000, 0x0000000080700000, 0x0000000080700000|100%| O|  |TAMS 0x0000000080600000| PB 0x0000000080600000| Untracked 
|   7|0x0000000080700000, 0x0000000080800000, 0x0000000080800000|100%|HS|  |TAMS 0x0000000080700000| PB 0x0000000080700000| Complete 
|   8|0x0000000080800000, 0x0000000080900000, 0x0000000080900000|100%| O|  |TAMS 0x0000000080800000| PB 0x0000000080800000| Untracked 
|   9|0x0000000080900000, 0x0000000080a00000, 0x0000000080a00000|100%| O|  |TAMS 0x0000000080900000| PB 0x0000000080900000| Untracked 
|  10|0x0000000080a00000, 0x0000000080b00000, 0x0000000080b00000|100%| O|  |TAMS 0x0000000080a00000| PB 0x0000000080a00000| Untracked 
|  11|0x0000000080b00000, 0x0000000080c00000, 0x0000000080c00000|100%| O|  |TAMS 0x0000000080b00000| PB 0x0000000080b00000| Untracked 
|  12|0x0000000080c00000, 0x0000000080cf5510, 0x0000000080d00000| 95%| O|  |TAMS 0x0000000080c00000| PB 0x0000000080c00000| Untracked 
|  13|0x0000000080d00000, 0x0000000080e00000, 0x0000000080e00000|100%| O|  |TAMS 0x0000000080d00000| PB 0x0000000080d00000| Untracked 
|  14|0x0000000080e00000, 0x0000000080f00000, 0x0000000080f00000|100%| O|  |TAMS 0x0000000080e00000| PB 0x0000000080e00000| Untracked 
|  15|0x0000000080f00000, 0x0000000081000000, 0x0000000081000000|100%| O|  |TAMS 0x0000000080f00000| PB 0x0000000080f00000| Untracked 
|  16|0x0000000081000000, 0x0000000081100000, 0x0000000081100000|100%| O|  |TAMS 0x0000000081000000| PB 0x0000000081000000| Untracked 
|  17|0x0000000081100000, 0x0000000081200000, 0x0000000081200000|100%| O|Cm|TAMS 0x0000000081100000| PB 0x0000000081100000| Complete 
|  18|0x0000000081200000, 0x0000000081300000, 0x0000000081300000|100%| O|  |TAMS 0x0000000081200000| PB 0x0000000081200000| Untracked 
|  19|0x0000000081300000, 0x0000000081400000, 0x0000000081400000|100%| O|  |TAMS 0x0000000081300000| PB 0x0000000081300000| Untracked 
|  20|0x0000000081400000, 0x0000000081500000, 0x0000000081500000|100%| O|  |TAMS 0x0000000081400000| PB 0x0000000081400000| Untracked 
|  21|0x0000000081500000, 0x0000000081600000, 0x0000000081600000|100%| O|  |TAMS 0x0000000081500000| PB 0x0000000081500000| Untracked 
|  22|0x0000000081600000, 0x0000000081700000, 0x0000000081700000|100%| O|  |TAMS 0x0000000081600000| PB 0x0000000081600000| Untracked 
|  23|0x0000000081700000, 0x0000000081800000, 0x0000000081800000|100%| O|  |TAMS 0x0000000081700000| PB 0x0000000081700000| Untracked 
|  24|0x0000000081800000, 0x0000000081900000, 0x0000000081900000|100%| O|  |TAMS 0x0000000081800000| PB 0x0000000081800000| Untracked 
|  25|0x0000000081900000, 0x0000000081a00000, 0x0000000081a00000|100%| O|  |TAMS 0x0000000081900000| PB 0x0000000081900000| Untracked 
|  26|0x0000000081a00000, 0x0000000081b00000, 0x0000000081b00000|100%| O|  |TAMS 0x0000000081a00000| PB 0x0000000081a00000| Untracked 
|  27|0x0000000081b00000, 0x0000000081c00000, 0x0000000081c00000|100%| O|  |TAMS 0x0000000081b00000| PB 0x0000000081b00000| Untracked 
|  28|0x0000000081c00000, 0x0000000081d00000, 0x0000000081d00000|100%| O|  |TAMS 0x0000000081c00000| PB 0x0000000081c00000| Untracked 
|  29|0x0000000081d00000, 0x0000000081e00000, 0x0000000081e00000|100%|HS|  |TAMS 0x0000000081d00000| PB 0x0000000081d00000| Complete 
|  30|0x0000000081e00000, 0x0000000081f00000, 0x0000000081f00000|100%| O|  |TAMS 0x0000000081e00000| PB 0x0000000081e00000| Untracked 
|  31|0x0000000081f00000, 0x0000000082000000, 0x0000000082000000|100%| O|  |TAMS 0x0000000081f00000| PB 0x0000000081f00000| Untracked 
|  32|0x0000000082000000, 0x0000000082100000, 0x0000000082100000|100%| O|  |TAMS 0x0000000082000000| PB 0x0000000082000000| Untracked 
|  33|0x0000000082100000, 0x0000000082200000, 0x0000000082200000|100%| O|  |TAMS 0x0000000082100000| PB 0x0000000082100000| Untracked 
|  34|0x0000000082200000, 0x0000000082300000, 0x0000000082300000|100%| O|  |TAMS 0x0000000082200000| PB 0x0000000082200000| Untracked 
|  35|0x0000000082300000, 0x0000000082400000, 0x0000000082400000|100%| O|  |TAMS 0x0000000082300000| PB 0x0000000082300000| Untracked 
|  36|0x0000000082400000, 0x0000000082500000, 0x0000000082500000|100%| O|  |TAMS 0x0000000082400000| PB 0x0000000082400000| Untracked 
|  37|0x0000000082500000, 0x0000000082600000, 0x0000000082600000|100%| O|  |TAMS 0x0000000082500000| PB 0x0000000082500000| Untracked 
|  38|0x0000000082600000, 0x0000000082700000, 0x0000000082700000|100%| O|  |TAMS 0x0000000082600000| PB 0x0000000082600000| Untracked 
|  39|0x0000000082700000, 0x0000000082800000, 0x0000000082800000|100%| O|  |TAMS 0x0000000082700000| PB 0x0000000082700000| Untracked 
|  40|0x0000000082800000, 0x0000000082900000, 0x0000000082900000|100%|HS|  |TAMS 0x0000000082800000| PB 0x0000000082800000| Complete 
|  41|0x0000000082900000, 0x0000000082a00000, 0x0000000082a00000|100%| O|  |TAMS 0x0000000082900000| PB 0x0000000082900000| Untracked 
|  42|0x0000000082a00000, 0x0000000082b00000, 0x0000000082b00000|100%| O|  |TAMS 0x0000000082a00000| PB 0x0000000082a00000| Untracked 
|  43|0x0000000082b00000, 0x0000000082c00000, 0x0000000082c00000|100%| O|  |TAMS 0x0000000082b00000| PB 0x0000000082b00000| Untracked 
|  44|0x0000000082c00000, 0x0000000082d00000, 0x0000000082d00000|100%| O|  |TAMS 0x0000000082c00000| PB 0x0000000082c00000| Untracked 
|  45|0x0000000082d00000, 0x0000000082e00000, 0x0000000082e00000|100%| O|  |TAMS 0x0000000082d00000| PB 0x0000000082d00000| Untracked 
|  46|0x0000000082e00000, 0x0000000082f00000, 0x0000000082f00000|100%| O|  |TAMS 0x0000000082e00000| PB 0x0000000082e00000| Untracked 
|  47|0x0000000082f00000, 0x0000000083000000, 0x0000000083000000|100%| O|  |TAMS 0x0000000082f00000| PB 0x0000000082f00000| Untracked 
|  48|0x0000000083000000, 0x0000000083100000, 0x0000000083100000|100%|HS|  |TAMS 0x0000000083000000| PB 0x0000000083000000| Complete 
|  49|0x0000000083100000, 0x0000000083200000, 0x0000000083200000|100%|HC|  |TAMS 0x0000000083100000| PB 0x0000000083100000| Complete 
|  50|0x0000000083200000, 0x0000000083300000, 0x0000000083300000|100%|HS|  |TAMS 0x0000000083200000| PB 0x0000000083200000| Complete 
|  51|0x0000000083300000, 0x0000000083400000, 0x0000000083400000|100%|HC|  |TAMS 0x0000000083300000| PB 0x0000000083300000| Complete 
|  52|0x0000000083400000, 0x0000000083500000, 0x0000000083500000|100%|HS|  |TAMS 0x0000000083400000| PB 0x0000000083400000| Complete 
|  53|0x0000000083500000, 0x0000000083600000, 0x0000000083600000|100%| O|  |TAMS 0x0000000083500000| PB 0x0000000083500000| Untracked 
|  54|0x0000000083600000, 0x0000000083700000, 0x0000000083700000|100%| O|Cm|TAMS 0x0000000083600000| PB 0x0000000083600000| Complete 
|  55|0x0000000083700000, 0x0000000083800000, 0x0000000083800000|100%|HS|  |TAMS 0x0000000083700000| PB 0x0000000083700000| Complete 
|  56|0x0000000083800000, 0x0000000083900000, 0x0000000083900000|100%|HC|  |TAMS 0x0000000083800000| PB 0x0000000083800000| Complete 
|  57|0x0000000083900000, 0x0000000083a00000, 0x0000000083a00000|100%|HC|  |TAMS 0x0000000083900000| PB 0x0000000083900000| Complete 
|  58|0x0000000083a00000, 0x0000000083b00000, 0x0000000083b00000|100%|HC|  |TAMS 0x0000000083a00000| PB 0x0000000083a00000| Complete 
|  59|0x0000000083b00000, 0x0000000083c00000, 0x0000000083c00000|100%| O|  |TAMS 0x0000000083b00000| PB 0x0000000083b00000| Untracked 
|  60|0x0000000083c00000, 0x0000000083d00000, 0x0000000083d00000|100%|HS|  |TAMS 0x0000000083c00000| PB 0x0000000083c00000| Complete 
|  61|0x0000000083d00000, 0x0000000083e00000, 0x0000000083e00000|100%|HS|  |TAMS 0x0000000083d00000| PB 0x0000000083d00000| Complete 
|  62|0x0000000083e00000, 0x0000000083f00000, 0x0000000083f00000|100%| O|  |TAMS 0x0000000083e00000| PB 0x0000000083e00000| Untracked 
|  63|0x0000000083f00000, 0x0000000084000000, 0x0000000084000000|100%| O|  |TAMS 0x0000000083f00000| PB 0x0000000083f00000| Untracked 
|  64|0x0000000084000000, 0x0000000084100000, 0x0000000084100000|100%| O|  |TAMS 0x0000000084000000| PB 0x0000000084000000| Untracked 
|  65|0x0000000084100000, 0x0000000084200000, 0x0000000084200000|100%| O|  |TAMS 0x0000000084100000| PB 0x0000000084100000| Untracked 
|  66|0x0000000084200000, 0x0000000084300000, 0x0000000084300000|100%| O|  |TAMS 0x0000000084200000| PB 0x0000000084200000| Untracked 
|  67|0x0000000084300000, 0x0000000084400000, 0x0000000084400000|100%| O|  |TAMS 0x0000000084300000| PB 0x0000000084300000| Untracked 
|  68|0x0000000084400000, 0x0000000084500000, 0x0000000084500000|100%| O|  |TAMS 0x0000000084400000| PB 0x0000000084400000| Untracked 
|  69|0x0000000084500000, 0x0000000084600000, 0x0000000084600000|100%| O|  |TAMS 0x0000000084500000| PB 0x0000000084500000| Untracked 
|  70|0x0000000084600000, 0x0000000084700000, 0x0000000084700000|100%|HS|  |TAMS 0x0000000084600000| PB 0x0000000084600000| Complete 
|  71|0x0000000084700000, 0x0000000084800000, 0x0000000084800000|100%|HC|  |TAMS 0x0000000084700000| PB 0x0000000084700000| Complete 
|  72|0x0000000084800000, 0x0000000084900000, 0x0000000084900000|100%|HC|  |TAMS 0x0000000084800000| PB 0x0000000084800000| Complete 
|  73|0x0000000084900000, 0x0000000084a00000, 0x0000000084a00000|100%|HC|  |TAMS 0x0000000084900000| PB 0x0000000084900000| Complete 
|  74|0x0000000084a00000, 0x0000000084b00000, 0x0000000084b00000|100%| O|  |TAMS 0x0000000084a00000| PB 0x0000000084a00000| Untracked 
|  75|0x0000000084b00000, 0x0000000084c00000, 0x0000000084c00000|100%| O|  |TAMS 0x0000000084b00000| PB 0x0000000084b00000| Untracked 
|  76|0x0000000084c00000, 0x0000000084d00000, 0x0000000084d00000|100%| O|  |TAMS 0x0000000084c00000| PB 0x0000000084c00000| Untracked 
|  77|0x0000000084d00000, 0x0000000084e00000, 0x0000000084e00000|100%| O|  |TAMS 0x0000000084d00000| PB 0x0000000084d00000| Untracked 
|  78|0x0000000084e00000, 0x0000000084f00000, 0x0000000084f00000|100%| O|  |TAMS 0x0000000084e00000| PB 0x0000000084e00000| Untracked 
|  79|0x0000000084f00000, 0x0000000085000000, 0x0000000085000000|100%| O|  |TAMS 0x0000000084f00000| PB 0x0000000084f00000| Untracked 
|  80|0x0000000085000000, 0x0000000085100000, 0x0000000085100000|100%| O|  |TAMS 0x0000000085000000| PB 0x0000000085000000| Untracked 
|  81|0x0000000085100000, 0x0000000085200000, 0x0000000085200000|100%| O|  |TAMS 0x0000000085100000| PB 0x0000000085100000| Untracked 
|  82|0x0000000085200000, 0x0000000085300000, 0x0000000085300000|100%| O|  |TAMS 0x0000000085200000| PB 0x0000000085200000| Untracked 
|  83|0x0000000085300000, 0x0000000085400000, 0x0000000085400000|100%| O|  |TAMS 0x0000000085300000| PB 0x0000000085300000| Untracked 
|  84|0x0000000085400000, 0x0000000085500000, 0x0000000085500000|100%| O|  |TAMS 0x0000000085400000| PB 0x0000000085400000| Untracked 
|  85|0x0000000085500000, 0x0000000085600000, 0x0000000085600000|100%| O|  |TAMS 0x0000000085500000| PB 0x0000000085500000| Untracked 
|  86|0x0000000085600000, 0x0000000085700000, 0x0000000085700000|100%| O|  |TAMS 0x0000000085600000| PB 0x0000000085600000| Untracked 
|  87|0x0000000085700000, 0x0000000085800000, 0x0000000085800000|100%| O|  |TAMS 0x0000000085700000| PB 0x0000000085700000| Untracked 
|  88|0x0000000085800000, 0x0000000085900000, 0x0000000085900000|100%| O|  |TAMS 0x0000000085800000| PB 0x0000000085800000| Untracked 
|  89|0x0000000085900000, 0x0000000085a00000, 0x0000000085a00000|100%| O|  |TAMS 0x0000000085900000| PB 0x0000000085900000| Untracked 
|  90|0x0000000085a00000, 0x0000000085b00000, 0x0000000085b00000|100%| O|  |TAMS 0x0000000085a00000| PB 0x0000000085a00000| Untracked 
|  91|0x0000000085b00000, 0x0000000085c00000, 0x0000000085c00000|100%| O|  |TAMS 0x0000000085b00000| PB 0x0000000085b00000| Untracked 
|  92|0x0000000085c00000, 0x0000000085d00000, 0x0000000085d00000|100%| O|Cm|TAMS 0x0000000085c00000| PB 0x0000000085c00000| Complete 
|  93|0x0000000085d00000, 0x0000000085e00000, 0x0000000085e00000|100%| O|  |TAMS 0x0000000085d00000| PB 0x0000000085d00000| Untracked 
|  94|0x0000000085e00000, 0x0000000085f00000, 0x0000000085f00000|100%| O|  |TAMS 0x0000000085e00000| PB 0x0000000085e00000| Untracked 
|  95|0x0000000085f00000, 0x0000000086000000, 0x0000000086000000|100%| O|  |TAMS 0x0000000085f00000| PB 0x0000000085f00000| Untracked 
|  96|0x0000000086000000, 0x0000000086100000, 0x0000000086100000|100%| O|  |TAMS 0x0000000086000000| PB 0x0000000086000000| Untracked 
|  97|0x0000000086100000, 0x0000000086200000, 0x0000000086200000|100%| O|  |TAMS 0x0000000086100000| PB 0x0000000086100000| Untracked 
|  98|0x0000000086200000, 0x00000000862bc8e0, 0x0000000086300000| 73%| O|  |TAMS 0x0000000086200000| PB 0x0000000086200000| Untracked 
|  99|0x0000000086300000, 0x0000000086300000, 0x0000000086400000|  0%| F|  |TAMS 0x0000000086300000| PB 0x0000000086300000| Untracked 
| 100|0x0000000086400000, 0x0000000086400000, 0x0000000086500000|  0%| F|  |TAMS 0x0000000086400000| PB 0x0000000086400000| Untracked 
| 101|0x0000000086500000, 0x0000000086500000, 0x0000000086600000|  0%| F|  |TAMS 0x0000000086500000| PB 0x0000000086500000| Untracked 
| 102|0x0000000086600000, 0x0000000086600000, 0x0000000086700000|  0%| F|  |TAMS 0x0000000086600000| PB 0x0000000086600000| Untracked 
| 103|0x0000000086700000, 0x0000000086800000, 0x0000000086800000|100%| O|  |TAMS 0x0000000086700000| PB 0x0000000086700000| Untracked 
| 104|0x0000000086800000, 0x0000000086900000, 0x0000000086900000|100%| O|  |TAMS 0x0000000086800000| PB 0x0000000086800000| Untracked 
| 105|0x0000000086900000, 0x0000000086900000, 0x0000000086a00000|  0%| F|  |TAMS 0x0000000086900000| PB 0x0000000086900000| Untracked 
| 106|0x0000000086a00000, 0x0000000086a00000, 0x0000000086b00000|  0%| F|  |TAMS 0x0000000086a00000| PB 0x0000000086a00000| Untracked 
| 107|0x0000000086b00000, 0x0000000086b00000, 0x0000000086c00000|  0%| F|  |TAMS 0x0000000086b00000| PB 0x0000000086b00000| Untracked 
| 108|0x0000000086c00000, 0x0000000086c00000, 0x0000000086d00000|  0%| F|  |TAMS 0x0000000086c00000| PB 0x0000000086c00000| Untracked 
| 109|0x0000000086d00000, 0x0000000086d00000, 0x0000000086e00000|  0%| F|  |TAMS 0x0000000086d00000| PB 0x0000000086d00000| Untracked 
| 110|0x0000000086e00000, 0x0000000086e00000, 0x0000000086f00000|  0%| F|  |TAMS 0x0000000086e00000| PB 0x0000000086e00000| Untracked 
| 111|0x0000000086f00000, 0x0000000086f00000, 0x0000000087000000|  0%| F|  |TAMS 0x0000000086f00000| PB 0x0000000086f00000| Untracked 
| 112|0x0000000087000000, 0x0000000087000000, 0x0000000087100000|  0%| F|  |TAMS 0x0000000087000000| PB 0x0000000087000000| Untracked 
| 113|0x0000000087100000, 0x0000000087100000, 0x0000000087200000|  0%| F|  |TAMS 0x0000000087100000| PB 0x0000000087100000| Untracked 
| 114|0x0000000087200000, 0x0000000087200000, 0x0000000087300000|  0%| F|  |TAMS 0x0000000087200000| PB 0x0000000087200000| Untracked 
| 115|0x0000000087300000, 0x0000000087300000, 0x0000000087400000|  0%| F|  |TAMS 0x0000000087300000| PB 0x0000000087300000| Untracked 
| 116|0x0000000087400000, 0x0000000087400000, 0x0000000087500000|  0%| F|  |TAMS 0x0000000087400000| PB 0x0000000087400000| Untracked 
| 117|0x0000000087500000, 0x0000000087500000, 0x0000000087600000|  0%| F|  |TAMS 0x0000000087500000| PB 0x0000000087500000| Untracked 
| 118|0x0000000087600000, 0x0000000087600000, 0x0000000087700000|  0%| F|  |TAMS 0x0000000087600000| PB 0x0000000087600000| Untracked 
| 119|0x0000000087700000, 0x0000000087700000, 0x0000000087800000|  0%| F|  |TAMS 0x0000000087700000| PB 0x0000000087700000| Untracked 
| 120|0x0000000087800000, 0x0000000087800000, 0x0000000087900000|  0%| F|  |TAMS 0x0000000087800000| PB 0x0000000087800000| Untracked 
| 121|0x0000000087900000, 0x0000000087900000, 0x0000000087a00000|  0%| F|  |TAMS 0x0000000087900000| PB 0x0000000087900000| Untracked 
| 122|0x0000000087a00000, 0x0000000087a00000, 0x0000000087b00000|  0%| F|  |TAMS 0x0000000087a00000| PB 0x0000000087a00000| Untracked 
| 123|0x0000000087b00000, 0x0000000087b00000, 0x0000000087c00000|  0%| F|  |TAMS 0x0000000087b00000| PB 0x0000000087b00000| Untracked 
| 124|0x0000000087c00000, 0x0000000087c00000, 0x0000000087d00000|  0%| F|  |TAMS 0x0000000087c00000| PB 0x0000000087c00000| Untracked 
| 125|0x0000000087d00000, 0x0000000087d00000, 0x0000000087e00000|  0%| F|  |TAMS 0x0000000087d00000| PB 0x0000000087d00000| Untracked 
| 126|0x0000000087e00000, 0x0000000087e00000, 0x0000000087f00000|  0%| F|  |TAMS 0x0000000087e00000| PB 0x0000000087e00000| Untracked 
| 127|0x0000000087f00000, 0x0000000087f00000, 0x0000000088000000|  0%| F|  |TAMS 0x0000000087f00000| PB 0x0000000087f00000| Untracked 
| 128|0x0000000088000000, 0x0000000088000000, 0x0000000088100000|  0%| F|  |TAMS 0x0000000088000000| PB 0x0000000088000000| Untracked 
| 129|0x0000000088100000, 0x0000000088100000, 0x0000000088200000|  0%| F|  |TAMS 0x0000000088100000| PB 0x0000000088100000| Untracked 
| 130|0x0000000088200000, 0x0000000088200000, 0x0000000088300000|  0%| F|  |TAMS 0x0000000088200000| PB 0x0000000088200000| Untracked 
| 131|0x0000000088300000, 0x0000000088300000, 0x0000000088400000|  0%| F|  |TAMS 0x0000000088300000| PB 0x0000000088300000| Untracked 
| 132|0x0000000088400000, 0x0000000088400000, 0x0000000088500000|  0%| F|  |TAMS 0x0000000088400000| PB 0x0000000088400000| Untracked 
| 133|0x0000000088500000, 0x0000000088500000, 0x0000000088600000|  0%| F|  |TAMS 0x0000000088500000| PB 0x0000000088500000| Untracked 
| 134|0x0000000088600000, 0x0000000088600000, 0x0000000088700000|  0%| F|  |TAMS 0x0000000088600000| PB 0x0000000088600000| Untracked 
| 135|0x0000000088700000, 0x0000000088700000, 0x0000000088800000|  0%| F|  |TAMS 0x0000000088700000| PB 0x0000000088700000| Untracked 
| 136|0x0000000088800000, 0x000000008883e460, 0x0000000088900000| 24%| S|CS|TAMS 0x0000000088800000| PB 0x0000000088800000| Complete 
| 137|0x0000000088900000, 0x0000000088a00000, 0x0000000088a00000|100%| S|CS|TAMS 0x0000000088900000| PB 0x0000000088900000| Complete 
| 138|0x0000000088a00000, 0x0000000088b00000, 0x0000000088b00000|100%| S|CS|TAMS 0x0000000088a00000| PB 0x0000000088a00000| Complete 
| 139|0x0000000088b00000, 0x0000000088c00000, 0x0000000088c00000|100%| S|CS|TAMS 0x0000000088b00000| PB 0x0000000088b00000| Complete 
| 140|0x0000000088c00000, 0x0000000088c00000, 0x0000000088d00000|  0%| F|  |TAMS 0x0000000088c00000| PB 0x0000000088c00000| Untracked 
| 141|0x0000000088d00000, 0x0000000088d00000, 0x0000000088e00000|  0%| F|  |TAMS 0x0000000088d00000| PB 0x0000000088d00000| Untracked 
| 142|0x0000000088e00000, 0x0000000088e00000, 0x0000000088f00000|  0%| F|  |TAMS 0x0000000088e00000| PB 0x0000000088e00000| Untracked 
| 143|0x0000000088f00000, 0x0000000088f00000, 0x0000000089000000|  0%| F|  |TAMS 0x0000000088f00000| PB 0x0000000088f00000| Untracked 
| 144|0x0000000089000000, 0x0000000089000000, 0x0000000089100000|  0%| F|  |TAMS 0x0000000089000000| PB 0x0000000089000000| Untracked 
| 145|0x0000000089100000, 0x0000000089100000, 0x0000000089200000|  0%| F|  |TAMS 0x0000000089100000| PB 0x0000000089100000| Untracked 
| 146|0x0000000089200000, 0x0000000089200000, 0x0000000089300000|  0%| F|  |TAMS 0x0000000089200000| PB 0x0000000089200000| Untracked 
| 147|0x0000000089300000, 0x0000000089300000, 0x0000000089400000|  0%| F|  |TAMS 0x0000000089300000| PB 0x0000000089300000| Untracked 
| 148|0x0000000089400000, 0x0000000089400000, 0x0000000089500000|  0%| F|  |TAMS 0x0000000089400000| PB 0x0000000089400000| Untracked 
| 149|0x0000000089500000, 0x0000000089500000, 0x0000000089600000|  0%| F|  |TAMS 0x0000000089500000| PB 0x0000000089500000| Untracked 
| 150|0x0000000089600000, 0x0000000089600000, 0x0000000089700000|  0%| F|  |TAMS 0x0000000089600000| PB 0x0000000089600000| Untracked 
| 151|0x0000000089700000, 0x0000000089700000, 0x0000000089800000|  0%| F|  |TAMS 0x0000000089700000| PB 0x0000000089700000| Untracked 
| 152|0x0000000089800000, 0x0000000089800000, 0x0000000089900000|  0%| F|  |TAMS 0x0000000089800000| PB 0x0000000089800000| Untracked 
| 153|0x0000000089900000, 0x0000000089900000, 0x0000000089a00000|  0%| F|  |TAMS 0x0000000089900000| PB 0x0000000089900000| Untracked 
| 154|0x0000000089a00000, 0x0000000089a00000, 0x0000000089b00000|  0%| F|  |TAMS 0x0000000089a00000| PB 0x0000000089a00000| Untracked 
| 155|0x0000000089b00000, 0x0000000089b00000, 0x0000000089c00000|  0%| F|  |TAMS 0x0000000089b00000| PB 0x0000000089b00000| Untracked 
| 156|0x0000000089c00000, 0x0000000089c57f38, 0x0000000089d00000| 34%| E|  |TAMS 0x0000000089c00000| PB 0x0000000089c00000| Complete 
| 157|0x0000000089d00000, 0x0000000089e00000, 0x0000000089e00000|100%| E|  |TAMS 0x0000000089d00000| PB 0x0000000089d00000| Complete 
| 158|0x0000000089e00000, 0x0000000089f00000, 0x0000000089f00000|100%| E|CS|TAMS 0x0000000089e00000| PB 0x0000000089e00000| Complete 
| 159|0x0000000089f00000, 0x000000008a000000, 0x000000008a000000|100%| E|CS|TAMS 0x0000000089f00000| PB 0x0000000089f00000| Complete 
| 160|0x000000008a000000, 0x000000008a100000, 0x000000008a100000|100%| E|CS|TAMS 0x000000008a000000| PB 0x000000008a000000| Complete 
| 161|0x000000008a100000, 0x000000008a200000, 0x000000008a200000|100%| E|CS|TAMS 0x000000008a100000| PB 0x000000008a100000| Complete 
| 162|0x000000008a200000, 0x000000008a300000, 0x000000008a300000|100%| E|CS|TAMS 0x000000008a200000| PB 0x000000008a200000| Complete 
| 163|0x000000008a300000, 0x000000008a400000, 0x000000008a400000|100%| E|CS|TAMS 0x000000008a300000| PB 0x000000008a300000| Complete 
| 164|0x000000008a400000, 0x000000008a500000, 0x000000008a500000|100%| E|CS|TAMS 0x000000008a400000| PB 0x000000008a400000| Complete 
| 165|0x000000008a500000, 0x000000008a600000, 0x000000008a600000|100%| E|CS|TAMS 0x000000008a500000| PB 0x000000008a500000| Complete 
| 166|0x000000008a600000, 0x000000008a700000, 0x000000008a700000|100%| E|CS|TAMS 0x000000008a600000| PB 0x000000008a600000| Complete 
| 167|0x000000008a700000, 0x000000008a800000, 0x000000008a800000|100%| E|CS|TAMS 0x000000008a700000| PB 0x000000008a700000| Complete 
| 168|0x000000008a800000, 0x000000008a900000, 0x000000008a900000|100%| E|CS|TAMS 0x000000008a800000| PB 0x000000008a800000| Complete 
| 169|0x000000008a900000, 0x000000008aa00000, 0x000000008aa00000|100%| E|CS|TAMS 0x000000008a900000| PB 0x000000008a900000| Complete 
| 170|0x000000008aa00000, 0x000000008ab00000, 0x000000008ab00000|100%| E|CS|TAMS 0x000000008aa00000| PB 0x000000008aa00000| Complete 
| 171|0x000000008ab00000, 0x000000008ac00000, 0x000000008ac00000|100%| E|CS|TAMS 0x000000008ab00000| PB 0x000000008ab00000| Complete 
| 172|0x000000008ac00000, 0x000000008ad00000, 0x000000008ad00000|100%| E|CS|TAMS 0x000000008ac00000| PB 0x000000008ac00000| Complete 
| 173|0x000000008ad00000, 0x000000008ae00000, 0x000000008ae00000|100%| E|CS|TAMS 0x000000008ad00000| PB 0x000000008ad00000| Complete 
|2035|0x00000000ff300000, 0x00000000ff400000, 0x00000000ff400000|100%| E|CS|TAMS 0x00000000ff300000| PB 0x00000000ff300000| Complete 
|2036|0x00000000ff400000, 0x00000000ff500000, 0x00000000ff500000|100%| E|CS|TAMS 0x00000000ff400000| PB 0x00000000ff400000| Complete 
|2037|0x00000000ff500000, 0x00000000ff600000, 0x00000000ff600000|100%| E|CS|TAMS 0x00000000ff500000| PB 0x00000000ff500000| Complete 
|2038|0x00000000ff600000, 0x00000000ff700000, 0x00000000ff700000|100%| O|  |TAMS 0x00000000ff600000| PB 0x00000000ff600000| Untracked 
|2039|0x00000000ff700000, 0x00000000ff800000, 0x00000000ff800000|100%| O|  |TAMS 0x00000000ff700000| PB 0x00000000ff700000| Untracked 
|2040|0x00000000ff800000, 0x00000000ff900000, 0x00000000ff900000|100%| E|CS|TAMS 0x00000000ff800000| PB 0x00000000ff800000| Complete 
|2041|0x00000000ff900000, 0x00000000ffa00000, 0x00000000ffa00000|100%| O|  |TAMS 0x00000000ff900000| PB 0x00000000ff900000| Untracked 
|2042|0x00000000ffa00000, 0x00000000ffb00000, 0x00000000ffb00000|100%| O|  |TAMS 0x00000000ffa00000| PB 0x00000000ffa00000| Untracked 
|2043|0x00000000ffb00000, 0x00000000ffc00000, 0x00000000ffc00000|100%| O|  |TAMS 0x00000000ffb00000| PB 0x00000000ffb00000| Untracked 
|2044|0x00000000ffc00000, 0x00000000ffd00000, 0x00000000ffd00000|100%| O|  |TAMS 0x00000000ffc00000| PB 0x00000000ffc00000| Untracked 
|2045|0x00000000ffd00000, 0x00000000ffe00000, 0x00000000ffe00000|100%| E|CS|TAMS 0x00000000ffd00000| PB 0x00000000ffd00000| Complete 
|2046|0x00000000ffe00000, 0x00000000fff00000, 0x00000000fff00000|100%| O|  |TAMS 0x00000000ffe00000| PB 0x00000000ffe00000| Untracked 
|2047|0x00000000fff00000, 0x0000000100000000, 0x0000000100000000|100%| O|  |TAMS 0x00000000fff00000| PB 0x00000000fff00000| Untracked 

Card table byte_map: [0x000001e625f30000,0x000001e626330000] _byte_map_base: 0x000001e625b30000

Marking Bits: (CMBitMap*) 0x000001e613701bb0
 Bits: [0x000001e626330000, 0x000001e628330000)

Polling page: 0x000001e6114c0000

Metaspace:

Usage:
  Non-class:     97.46 MB used.
      Class:     15.37 MB used.
       Both:    112.84 MB used.

Virtual space:
  Non-class space:      128.00 MB reserved,      98.50 MB ( 77%) committed,  2 nodes.
      Class space:        1.00 GB reserved,      16.44 MB (  2%) committed,  1 nodes.
             Both:        1.12 GB reserved,     114.94 MB ( 10%) committed. 

Chunk freelists:
   Non-Class:  13.12 MB
       Class:  15.48 MB
        Both:  28.61 MB

MaxMetaspaceSize: unlimited
CompressedClassSpaceSize: 1.00 GB
Initial GC threshold: 21.00 MB
Current GC threshold: 191.50 MB
CDS: off
 - commit_granule_bytes: 65536.
 - commit_granule_words: 8192.
 - virtual_space_node_default_size: 8388608.
 - enlarge_chunks_in_place: 1.
 - use_allocation_guard: 0.


Internal statistics:

num_allocs_failed_limit: 14.
num_arena_births: 4078.
num_arena_deaths: 0.
num_vsnodes_births: 3.
num_vsnodes_deaths: 0.
num_space_committed: 1839.
num_space_uncommitted: 0.
num_chunks_returned_to_freelist: 14.
num_chunks_taken_from_freelist: 8845.
num_chunk_merges: 9.
num_chunk_splits: 5736.
num_chunks_enlarged: 3602.
num_inconsistent_stats: 0.

CodeHeap 'non-profiled nmethods': size=120000Kb used=7648Kb max_used=7648Kb free=112351Kb
 bounds [0x000001e61e2d0000, 0x000001e61ea50000, 0x000001e625800000]
CodeHeap 'profiled nmethods': size=120000Kb used=22129Kb max_used=22751Kb free=97870Kb
 bounds [0x000001e616800000, 0x000001e617e40000, 0x000001e61dd30000]
CodeHeap 'non-nmethods': size=5760Kb used=2385Kb max_used=2439Kb free=3374Kb
 bounds [0x000001e61dd30000, 0x000001e61dfb0000, 0x000001e61e2d0000]
 total_blobs=12743 nmethods=11866 adapters=780
 compilation: enabled
              stopped_count=0, restarted_count=0
 full_count=0

Compilation events (20 events):
Event: 98.819 Thread 0x000001e62f09da60 13996       3       java.io.ObjectStreamClass::checkDefaultSerialize (20 bytes)
Event: 98.820 Thread 0x000001e62f09da60 nmethod 13996 0x000001e617486890 code [0x000001e617486a80, 0x000001e617486e70]
Event: 98.820 Thread 0x000001e62f09da60 13998   !   3       java.lang.Object::wait (50 bytes)
Event: 98.821 Thread 0x000001e62f09da60 nmethod 13998 0x000001e617195c90 code [0x000001e617195ea0, 0x000001e6171963f0]
Event: 98.866 Thread 0x000001e62f09da60 13999       3       kotlin.sequences.TransformingSequence::<init> (27 bytes)
Event: 98.867 Thread 0x000001e62f09da60 nmethod 13999 0x000001e6173c0f10 code [0x000001e6173c11c0, 0x000001e6173c1cb0]
Event: 98.893 Thread 0x000001e62f09da60 14000       3       org.gradle.internal.snapshot.AbstractIncompleteFileSystemNode::hasDescendants (13 bytes)
Event: 98.894 Thread 0x000001e62f09da60 nmethod 14000 0x000001e617431710 code [0x000001e617431960, 0x000001e6174321f8]
Event: 98.894 Thread 0x000001e62f09da60 14001       3       org.gradle.internal.snapshot.AbstractIncompleteFileSystemNode$$Lambda/0x0000000101057818::test (10 bytes)
Event: 98.894 Thread 0x000001e62f09da60 nmethod 14001 0x000001e617a02590 code [0x000001e617a02740, 0x000001e617a02a08]
Event: 98.898 Thread 0x000001e62f09da60 14002       3       org.gradle.internal.file.FileHierarchySet$PrefixFileSet::contains (13 bytes)
Event: 98.900 Thread 0x000001e62f09da60 nmethod 14002 0x000001e61722b690 code [0x000001e61722b840, 0x000001e61722b9e0]
Event: 98.908 Thread 0x000001e62f09da60 14003       3       org.gradle.internal.snapshot.PathUtil::compareDifferentCharsIgnoringCase (38 bytes)
Event: 98.909 Thread 0x000001e62f09da60 nmethod 14003 0x000001e6169a5110 code [0x000001e6169a5380, 0x000001e6169a5c30]
Event: 98.918 Thread 0x000001e62f09da60 14004       3       org.gradle.api.internal.tasks.properties.AbstractPropertySpec::compareTo (9 bytes)
Event: 98.924 Thread 0x000001e62f09da60 nmethod 14004 0x000001e616f3f510 code [0x000001e616f3f700, 0x000001e616f3fbb0]
Event: 98.924 Thread 0x000001e62f09da60 14005       3       org.gradle.api.internal.tasks.properties.AbstractPropertySpec::compareTo (14 bytes)
Event: 98.925 Thread 0x000001e62f09da60 nmethod 14005 0x000001e617806490 code [0x000001e617806660, 0x000001e617806938]
Event: 98.925 Thread 0x000001e62f09da60 14006       3       org.gradle.internal.snapshot.ChildMap$Entry::handleAncestorDescendantOrExactMatch (110 bytes)
Event: 98.928 Thread 0x000001e62f09da60 nmethod 14006 0x000001e616956c10 code [0x000001e616956f80, 0x000001e6169583c8]

GC Heap History (20 events):
Event: 56.975 GC heap before
{Heap before GC invocations=40 (full 0):
 garbage-first heap   total 148480K, used 128035K [0x0000000080000000, 0x0000000100000000)
  region size 1024K, 42 young (43008K), 3 survivors (3072K)
 Metaspace       used 92112K, committed 94016K, reserved 1179648K
  class space    used 12347K, committed 13312K, reserved 1048576K
}
Event: 56.981 GC heap after
{Heap after GC invocations=41 (full 0):
 garbage-first heap   total 148480K, used 90686K [0x0000000080000000, 0x0000000100000000)
  region size 1024K, 5 young (5120K), 5 survivors (5120K)
 Metaspace       used 92112K, committed 94016K, reserved 1179648K
  class space    used 12347K, committed 13312K, reserved 1048576K
}
Event: 61.645 GC heap before
{Heap before GC invocations=41 (full 0):
 garbage-first heap   total 148480K, used 133694K [0x0000000080000000, 0x0000000100000000)
  region size 1024K, 47 young (48128K), 5 survivors (5120K)
 Metaspace       used 93390K, committed 95360K, reserved 1179648K
  class space    used 12517K, committed 13504K, reserved 1048576K
}
Event: 61.661 GC heap after
{Heap after GC invocations=42 (full 0):
 garbage-first heap   total 148480K, used 93830K [0x0000000080000000, 0x0000000100000000)
  region size 1024K, 6 young (6144K), 6 survivors (6144K)
 Metaspace       used 93390K, committed 95360K, reserved 1179648K
  class space    used 12517K, committed 13504K, reserved 1048576K
}
Event: 63.159 GC heap before
{Heap before GC invocations=42 (full 0):
 garbage-first heap   total 148480K, used 122502K [0x0000000080000000, 0x0000000100000000)
  region size 1024K, 35 young (35840K), 6 survivors (6144K)
 Metaspace       used 95504K, committed 97408K, reserved 1179648K
  class space    used 12818K, committed 13760K, reserved 1048576K
}
Event: 63.172 GC heap after
{Heap after GC invocations=43 (full 0):
 garbage-first heap   total 148480K, used 96272K [0x0000000080000000, 0x0000000100000000)
  region size 1024K, 2 young (2048K), 2 survivors (2048K)
 Metaspace       used 95504K, committed 97408K, reserved 1179648K
  class space    used 12818K, committed 13760K, reserved 1048576K
}
Event: 64.845 GC heap before
{Heap before GC invocations=44 (full 0):
 garbage-first heap   total 163840K, used 137232K [0x0000000080000000, 0x0000000100000000)
  region size 1024K, 41 young (41984K), 2 survivors (2048K)
 Metaspace       used 98453K, committed 100480K, reserved 1179648K
  class space    used 13402K, committed 14400K, reserved 1048576K
}
Event: 64.850 GC heap after
{Heap after GC invocations=45 (full 0):
 garbage-first heap   total 163840K, used 96952K [0x0000000080000000, 0x0000000100000000)
  region size 1024K, 3 young (3072K), 3 survivors (3072K)
 Metaspace       used 98453K, committed 100480K, reserved 1179648K
  class space    used 13402K, committed 14400K, reserved 1048576K
}
Event: 68.781 GC heap before
{Heap before GC invocations=45 (full 0):
 garbage-first heap   total 163840K, used 148152K [0x0000000080000000, 0x0000000100000000)
  region size 1024K, 53 young (54272K), 3 survivors (3072K)
 Metaspace       used 102118K, committed 104192K, reserved 1179648K
  class space    used 13927K, committed 14912K, reserved 1048576K
}
Event: 68.804 GC heap after
{Heap after GC invocations=46 (full 0):
 garbage-first heap   total 163840K, used 98018K [0x0000000080000000, 0x0000000100000000)
  region size 1024K, 5 young (5120K), 5 survivors (5120K)
 Metaspace       used 102118K, committed 104192K, reserved 1179648K
  class space    used 13927K, committed 14912K, reserved 1048576K
}
Event: 77.155 GC heap before
{Heap before GC invocations=46 (full 0):
 garbage-first heap   total 163840K, used 150242K [0x0000000080000000, 0x0000000100000000)
  region size 1024K, 56 young (57344K), 5 survivors (5120K)
 Metaspace       used 105979K, committed 108032K, reserved 1179648K
  class space    used 14461K, committed 15488K, reserved 1048576K
}
Event: 77.205 GC heap after
{Heap after GC invocations=47 (full 0):
 garbage-first heap   total 163840K, used 101718K [0x0000000080000000, 0x0000000100000000)
  region size 1024K, 7 young (7168K), 7 survivors (7168K)
 Metaspace       used 105979K, committed 108032K, reserved 1179648K
  class space    used 14461K, committed 15488K, reserved 1048576K
}
Event: 82.143 GC heap before
{Heap before GC invocations=48 (full 0):
 garbage-first heap   total 171008K, used 146774K [0x0000000080000000, 0x0000000100000000)
  region size 1024K, 51 young (52224K), 7 survivors (7168K)
 Metaspace       used 110105K, committed 112192K, reserved 1179648K
  class space    used 15022K, committed 16064K, reserved 1048576K
}
Event: 82.172 GC heap after
{Heap after GC invocations=49 (full 0):
 garbage-first heap   total 171008K, used 104590K [0x0000000080000000, 0x0000000100000000)
  region size 1024K, 7 young (7168K), 7 survivors (7168K)
 Metaspace       used 110105K, committed 112192K, reserved 1179648K
  class space    used 15022K, committed 16064K, reserved 1048576K
}
Event: 88.279 GC heap before
{Heap before GC invocations=49 (full 0):
 garbage-first heap   total 171008K, used 153742K [0x0000000080000000, 0x0000000100000000)
  region size 1024K, 55 young (56320K), 7 survivors (7168K)
 Metaspace       used 113835K, committed 116032K, reserved 1179648K
  class space    used 15610K, committed 16704K, reserved 1048576K
}
Event: 88.307 GC heap after
{Heap after GC invocations=50 (full 0):
 garbage-first heap   total 171008K, used 108087K [0x0000000080000000, 0x0000000100000000)
  region size 1024K, 7 young (7168K), 7 survivors (7168K)
 Metaspace       used 113835K, committed 116032K, reserved 1179648K
  class space    used 15610K, committed 16704K, reserved 1048576K
}
Event: 92.549 GC heap before
{Heap before GC invocations=50 (full 0):
 garbage-first heap   total 171008K, used 153143K [0x0000000080000000, 0x0000000100000000)
  region size 1024K, 52 young (53248K), 7 survivors (7168K)
 Metaspace       used 115433K, committed 117632K, reserved 1179648K
  class space    used 15730K, committed 16832K, reserved 1048576K
}
Event: 92.566 GC heap after
{Heap after GC invocations=51 (full 0):
 garbage-first heap   total 171008K, used 113783K [0x0000000080000000, 0x0000000100000000)
  region size 1024K, 6 young (6144K), 6 survivors (6144K)
 Metaspace       used 115433K, committed 117632K, reserved 1179648K
  class space    used 15730K, committed 16832K, reserved 1048576K
}
Event: 96.697 GC heap before
{Heap before GC invocations=52 (full 0):
 garbage-first heap   total 191488K, used 152695K [0x0000000080000000, 0x0000000100000000)
  region size 1024K, 45 young (46080K), 6 survivors (6144K)
 Metaspace       used 115441K, committed 117632K, reserved 1179648K
  class space    used 15730K, committed 16832K, reserved 1048576K
}
Event: 96.715 GC heap after
{Heap after GC invocations=53 (full 0):
 garbage-first heap   total 191488K, used 114624K [0x0000000080000000, 0x0000000100000000)
  region size 1024K, 4 young (4096K), 4 survivors (4096K)
 Metaspace       used 115441K, committed 117632K, reserved 1179648K
  class space    used 15730K, committed 16832K, reserved 1048576K
}

Dll operation events (3 events):
Event: 0.032 Loaded shared library D:\Android Studio\jbr\bin\java.dll
Event: 0.046 Loaded shared library D:\Android Studio\jbr\bin\zip.dll
Event: 1.227 Loaded shared library D:\Android Studio\jbr\bin\verify.dll

Deoptimization events (20 events):
Event: 98.891 Thread 0x000001e635332fe0 Uncommon trap: trap_request=0xffffff45 fr.pc=0x000001e61ea2d218 relative=0x00000000000015b8
Event: 98.891 Thread 0x000001e635332fe0 Uncommon trap: reason=unstable_if action=reinterpret pc=0x000001e61ea2d218 method=org.gradle.internal.snapshot.PathUtil.equalChars(CCLorg/gradle/internal/snapshot/CaseSensitivity;)Z @ 40 c2
Event: 98.891 Thread 0x000001e635332fe0 DEOPT PACKING pc=0x000001e61ea2d218 sp=0x00000021bbbfc0a0
Event: 98.891 Thread 0x000001e635332fe0 DEOPT UNPACKING pc=0x000001e61dd87da2 sp=0x00000021bbbfbf18 mode 2
Event: 98.891 Thread 0x000001e635332fe0 Uncommon trap: trap_request=0xffffff45 fr.pc=0x000001e61ea038b4 relative=0x00000000000007d4
Event: 98.891 Thread 0x000001e635332fe0 Uncommon trap: reason=unstable_if action=reinterpret pc=0x000001e61ea038b4 method=org.gradle.internal.snapshot.PathUtil.equalChars(CCLorg/gradle/internal/snapshot/CaseSensitivity;)Z @ 40 c2
Event: 98.891 Thread 0x000001e635332fe0 DEOPT PACKING pc=0x000001e61ea038b4 sp=0x00000021bbbfbdc0
Event: 98.891 Thread 0x000001e635332fe0 DEOPT UNPACKING pc=0x000001e61dd87da2 sp=0x00000021bbbfbc78 mode 2
Event: 98.904 Thread 0x000001e635332fe0 Uncommon trap: trap_request=0xffffff45 fr.pc=0x000001e61e4bea4c relative=0x000000000000026c
Event: 98.904 Thread 0x000001e635332fe0 Uncommon trap: reason=unstable_if action=reinterpret pc=0x000001e61e4bea4c method=org.gradle.internal.snapshot.PathUtil.compareDifferentCharsIgnoringCase(CC)I @ 12 c2
Event: 98.904 Thread 0x000001e635332fe0 DEOPT PACKING pc=0x000001e61e4bea4c sp=0x00000021bbbfd210
Event: 98.906 Thread 0x000001e635332fe0 DEOPT UNPACKING pc=0x000001e61dd87da2 sp=0x00000021bbbfd188 mode 2
Event: 98.906 Thread 0x000001e635332fe0 Uncommon trap: trap_request=0xffffff45 fr.pc=0x000001e61e536dfc relative=0x000000000000089c
Event: 98.906 Thread 0x000001e635332fe0 Uncommon trap: reason=unstable_if action=reinterpret pc=0x000001e61e536dfc method=org.gradle.internal.snapshot.PathUtil.equalChars(CCLorg/gradle/internal/snapshot/CaseSensitivity;)Z @ 40 c2
Event: 98.906 Thread 0x000001e635332fe0 DEOPT PACKING pc=0x000001e61e536dfc sp=0x00000021bbbfd140
Event: 98.908 Thread 0x000001e635332fe0 DEOPT UNPACKING pc=0x000001e61dd87da2 sp=0x00000021bbbfd058 mode 2
Event: 98.913 Thread 0x000001e635332fe0 Uncommon trap: trap_request=0xffffff45 fr.pc=0x000001e61e36c610 relative=0x0000000000000830
Event: 98.913 Thread 0x000001e635332fe0 Uncommon trap: reason=unstable_if action=reinterpret pc=0x000001e61e36c610 method=org.gradle.internal.snapshot.PathUtil.equalChars(CCLorg/gradle/internal/snapshot/CaseSensitivity;)Z @ 40 c2
Event: 98.913 Thread 0x000001e635332fe0 DEOPT PACKING pc=0x000001e61e36c610 sp=0x00000021bbbfd4e0
Event: 98.913 Thread 0x000001e635332fe0 DEOPT UNPACKING pc=0x000001e61dd87da2 sp=0x00000021bbbfd418 mode 2

Classes loaded (20 events):
Event: 84.560 Loading class java/util/TreeMap$TreeMapSpliterator done
Event: 84.560 Loading class java/util/TreeMap$KeySpliterator done
Event: 86.345 Loading class java/io/ObjectStreamClass$ExceptionInfo
Event: 86.347 Loading class java/io/ObjectStreamClass$ExceptionInfo done
Event: 87.476 Loading class java/io/SequenceInputStream
Event: 87.477 Loading class java/io/SequenceInputStream done
Event: 87.555 Loading class java/util/function/IntUnaryOperator
Event: 87.556 Loading class java/util/function/IntUnaryOperator done
Event: 89.414 Loading class java/io/CharArrayReader
Event: 89.416 Loading class java/io/CharArrayReader done
Event: 98.830 Loading class java/util/stream/ReferencePipeline$4
Event: 98.838 Loading class java/util/stream/IntPipeline$StatelessOp
Event: 98.842 Loading class java/util/stream/IntPipeline$StatelessOp done
Event: 98.842 Loading class java/util/stream/ReferencePipeline$4 done
Event: 98.845 Loading class java/util/stream/ReduceOps$6
Event: 98.847 Loading class java/util/stream/ReduceOps$6 done
Event: 98.847 Loading class java/util/stream/ReduceOps$5ReducingSink
Event: 98.849 Loading class java/util/stream/ReduceOps$5ReducingSink done
Event: 98.849 Loading class java/util/stream/ReferencePipeline$4$1
Event: 98.850 Loading class java/util/stream/ReferencePipeline$4$1 done

Classes unloaded (0 events):
No events

Classes redefined (0 events):
No events

Internal exceptions (20 events):
Event: 80.713 Thread 0x000001e6310cb3b0 Implicit null exception at 0x000001e61e8fa8eb to 0x000001e61e9024b0
Event: 84.671 Thread 0x000001e6310cb3b0 Exception <a 'java/lang/NoSuchMethodError'{0x00000000884f08b8}: 'void java.lang.invoke.DirectMethodHandle$Holder.invokeSpecial(java.lang.Object, java.lang.Object, java.lang.Object, java.lang.Object, int, java.lang.Object, java.lang.Object)'> (0x00000000884f08b8) 
thrown [s\src\hotspot\share\interpreter\linkResolver.cpp, line 784]
Event: 84.820 Thread 0x000001e6339db1b0 Exception <a 'java/lang/NoSuchMethodError'{0x0000000088132f00}: 'java.lang.Object java.lang.invoke.DirectMethodHandle$Holder.newInvokeSpecial(java.lang.Object, java.lang.Object, int, java.lang.Object, java.lang.Object)'> (0x0000000088132f00) 
thrown [s\src\hotspot\share\interpreter\linkResolver.cpp, line 784]
Event: 85.207 Thread 0x000001e6339e0070 Exception <a 'java/lang/NoSuchMethodError'{0x0000000087ee7ee0}: 'java.lang.Object java.lang.invoke.DirectMethodHandle$Holder.invokeVirtual(java.lang.Object, java.lang.Object, java.lang.Object, java.lang.Object, java.lang.Object, java.lang.Object, java.lang.Object, java.lang.Object, java.lang.Object, java.lang.Object, java.lang.Object, java.lang.Object, java.lang.Object, java.lang.Object, java.lang.Object, java.lang.Object, java.lang.Object, java.lang.Object, java.lang.Object)'> (0x0000000087ee7ee0) 
thrown
Event: 85.238 Thread 0x000001e6311e67f0 Exception <a 'java/lang/NoSuchMethodError'{0x0000000087dbfa18}: static Lorg/gradle/internal/build/event/types/DefaultTaskStartedProgressEvent;.<clinit>()V> (0x0000000087dbfa18) 
thrown [s\src\hotspot\share\prims\jni.cpp, line 1139]
Event: 85.242 Thread 0x000001e6311e67f0 Exception <a 'java/lang/NoSuchMethodError'{0x0000000087dede20}: static Lorg/gradle/internal/build/event/types/DefaultTaskDescriptor;.<clinit>()V> (0x0000000087dede20) 
thrown [s\src\hotspot\share\prims\jni.cpp, line 1139]
Event: 85.586 Thread 0x000001e6339e0070 Exception <a 'java/lang/IncompatibleClassChangeError'{0x0000000087b0e3e0}: Found class java.lang.Object, but interface was expected> (0x0000000087b0e3e0) 
thrown [s\src\hotspot\share\interpreter\linkResolver.cpp, line 851]
Event: 85.726 Thread 0x000001e6339e0070 Exception <a 'java/lang/NoSuchMethodError'{0x0000000087a58330}: 'int java.lang.invoke.DirectMethodHandle$Holder.invokeStaticInit(java.lang.Object, java.lang.Object, java.lang.Object, java.lang.Object, java.lang.Object)'> (0x0000000087a58330) 
thrown [s\src\hotspot\share\interpreter\linkResolver.cpp, line 784]
Event: 85.881 Thread 0x000001e6311e67f0 Exception <a 'java/lang/NoSuchMethodError'{0x00000000879a3000}: static Lorg/gradle/internal/build/event/types/DefaultTaskFinishedProgressEvent;.<clinit>()V> (0x00000000879a3000) 
thrown [s\src\hotspot\share\prims\jni.cpp, line 1139]
Event: 85.886 Thread 0x000001e6311e67f0 Exception <a 'java/lang/NoSuchMethodError'{0x00000000879b95c0}: static Lorg/gradle/internal/build/event/types/DefaultTaskSuccessResult;.<clinit>()V> (0x00000000879b95c0) 
thrown [s\src\hotspot\share\prims\jni.cpp, line 1139]
Event: 85.887 Thread 0x000001e6311e67f0 Exception <a 'java/lang/NoSuchMethodError'{0x00000000879bad08}: static Lorg/gradle/internal/build/event/types/AbstractTaskResult;.<clinit>()V> (0x00000000879bad08) 
thrown [s\src\hotspot\share\prims\jni.cpp, line 1139]
Event: 85.935 Thread 0x000001e635332fe0 Exception <a 'sun/nio/fs/WindowsException'{0x00000000881b7548}> (0x00000000881b7548) 
thrown [s\src\hotspot\share\prims\jni.cpp, line 535]
Event: 85.978 Thread 0x000001e6311e67f0 Exception <a 'java/lang/NoSuchMethodError'{0x00000000879fcb48}: static Lorg/gradle/internal/build/event/types/DefaultTaskSkippedResult;.<clinit>()V> (0x00000000879fcb48) 
thrown [s\src\hotspot\share\prims\jni.cpp, line 1139]
Event: 86.196 Thread 0x000001e635a9cf00 Exception <a 'java/lang/NoSuchMethodError'{0x00000000878dc138}: static Lcom/android/buildanalyzer/common/AndroidGradlePluginAttributionData$BuildInfo;.<clinit>()V> (0x00000000878dc138) 
thrown [s\src\hotspot\share\prims\jni.cpp, line 1139]
Event: 86.324 Thread 0x000001e635a9cf00 Exception <a 'java/lang/NoSuchMethodError'{0x00000000878f3f80}: static Lcom/android/buildanalyzer/common/AndroidGradlePluginAttributionData$JavaInfo;.<clinit>()V> (0x00000000878f3f80) 
thrown [s\src\hotspot\share\prims\jni.cpp, line 1139]
Event: 86.350 Thread 0x000001e635a9cf00 Exception <a 'java/lang/NoSuchMethodError'{0x000000008771a6c0}: static [Ljava/lang/String;.<clinit>()V> (0x000000008771a6c0) 
thrown [s\src\hotspot\share\prims\jni.cpp, line 1139]
Event: 86.353 Thread 0x000001e635a9cf00 Exception <a 'java/lang/NoSuchMethodError'{0x0000000087726de0}: static Lcom/android/buildanalyzer/common/AndroidGradlePluginAttributionData$TaskInfo;.<clinit>()V> (0x0000000087726de0) 
thrown [s\src\hotspot\share\prims\jni.cpp, line 1139]
Event: 86.354 Thread 0x000001e635a9cf00 Exception <a 'java/lang/NoSuchMethodError'{0x00000000877340f0}: static Lcom/android/buildanalyzer/common/AndroidGradlePluginAttributionData$TaskCategoryInfo;.<clinit>()V> (0x00000000877340f0) 
thrown [s\src\hotspot\share\prims\jni.cpp, line 1139]
Event: 86.684 Thread 0x000001e6311e67f0 Exception <a 'java/lang/NoSuchMethodError'{0x000000008766ce48}: static [Ljava/lang/Object;.<clinit>()V> (0x000000008766ce48) 
thrown [s\src\hotspot\share\prims\jni.cpp, line 1139]
Event: 87.557 Thread 0x000001e635332fe0 Exception <a 'java/lang/NoSuchMethodError'{0x000000008736af00}: 'int java.lang.invoke.DirectMethodHandle$Holder.invokeSpecial(java.lang.Object, java.lang.Object, int)'> (0x000000008736af00) 
thrown [s\src\hotspot\share\interpreter\linkResolver.cpp, line 784]

ZGC Phase Switch (0 events):
No events

VM Operations (20 events):
Event: 92.875 Executing VM operation: G1PauseCleanup
Event: 92.876 Executing VM operation: G1PauseCleanup done
Event: 93.878 Executing VM operation: Cleanup
Event: 93.879 Executing VM operation: Cleanup done
Event: 94.886 Executing VM operation: Cleanup
Event: 94.887 Executing VM operation: Cleanup done
Event: 95.891 Executing VM operation: Cleanup
Event: 95.892 Executing VM operation: Cleanup done
Event: 96.697 Executing VM operation: G1CollectForAllocation (G1 Evacuation Pause)
Event: 96.715 Executing VM operation: G1CollectForAllocation (G1 Evacuation Pause) done
Event: 97.716 Executing VM operation: Cleanup
Event: 97.717 Executing VM operation: Cleanup done
Event: 98.730 Executing VM operation: Cleanup
Event: 98.730 Executing VM operation: Cleanup done
Event: 98.879 Executing VM operation: HandshakeAllThreads (Deoptimize)
Event: 98.879 Executing VM operation: HandshakeAllThreads (Deoptimize) done
Event: 98.887 Executing VM operation: HandshakeAllThreads (Deoptimize)
Event: 98.888 Executing VM operation: HandshakeAllThreads (Deoptimize) done
Event: 99.902 Executing VM operation: Cleanup
Event: 99.902 Executing VM operation: Cleanup done

Memory protections (0 events):
No events

Nmethod flushes (20 events):
Event: 92.772 Thread 0x000001e62f0156d0 flushing  nmethod 0x000001e616c4ba90
Event: 92.772 Thread 0x000001e62f0156d0 flushing  nmethod 0x000001e616e48c90
Event: 92.772 Thread 0x000001e62f0156d0 flushing  nmethod 0x000001e616e51f90
Event: 92.772 Thread 0x000001e62f0156d0 flushing  nmethod 0x000001e616ea2710
Event: 92.772 Thread 0x000001e62f0156d0 flushing  nmethod 0x000001e616f3f510
Event: 92.772 Thread 0x000001e62f0156d0 flushing  nmethod 0x000001e616f66c90
Event: 92.772 Thread 0x000001e62f0156d0 flushing  nmethod 0x000001e616f99f90
Event: 92.772 Thread 0x000001e62f0156d0 flushing  nmethod 0x000001e6170a0410
Event: 92.772 Thread 0x000001e62f0156d0 flushing  nmethod 0x000001e6170f9e10
Event: 92.772 Thread 0x000001e62f0156d0 flushing  nmethod 0x000001e61717d690
Event: 92.772 Thread 0x000001e62f0156d0 flushing  nmethod 0x000001e61724f510
Event: 92.772 Thread 0x000001e62f0156d0 flushing  nmethod 0x000001e61729a310
Event: 92.772 Thread 0x000001e62f0156d0 flushing  nmethod 0x000001e6173bf290
Event: 92.772 Thread 0x000001e62f0156d0 flushing  nmethod 0x000001e617421310
Event: 92.772 Thread 0x000001e62f0156d0 flushing  nmethod 0x000001e617424610
Event: 92.772 Thread 0x000001e62f0156d0 flushing  nmethod 0x000001e6176b6390
Event: 92.772 Thread 0x000001e62f0156d0 flushing  nmethod 0x000001e6179f7f10
Event: 92.772 Thread 0x000001e62f0156d0 flushing  nmethod 0x000001e6179fa010
Event: 92.772 Thread 0x000001e62f0156d0 flushing  nmethod 0x000001e617a01190
Event: 92.772 Thread 0x000001e62f0156d0 flushing  nmethod 0x000001e617a02590

Events (20 events):
Event: 84.828 Thread 0x000001e6339db1b0 Thread added: 0x000001e6339e0700
Event: 84.828 Thread 0x000001e6339db1b0 Thread added: 0x000001e6339e0d90
Event: 84.828 Thread 0x000001e6339db1b0 Thread added: 0x000001e6339e1420
Event: 84.829 Thread 0x000001e6339db1b0 Thread added: 0x000001e635332fe0
Event: 84.983 Thread 0x000001e6339e0070 Thread added: 0x000001e635334390
Event: 89.553 Thread 0x000001e635332fe0 Thread added: 0x000001e635331c30
Event: 91.172 Thread 0x000001e635332fe0 Thread added: 0x000001e635338530
Event: 91.172 Thread 0x000001e635332fe0 Thread added: 0x000001e6353350b0
Event: 91.173 Thread 0x000001e635332fe0 Thread added: 0x000001e635335740
Event: 91.173 Thread 0x000001e635332fe0 Thread added: 0x000001e635336af0
Event: 91.174 Thread 0x000001e635332fe0 Thread added: 0x000001e635338bc0
Event: 91.174 Thread 0x000001e635332fe0 Thread added: 0x000001e635335dd0
Event: 91.174 Thread 0x000001e635332fe0 Thread added: 0x000001e635337180
Event: 98.517 Thread 0x000001e635332fe0 Thread added: 0x000001e6361ab310
Event: 98.519 Thread 0x000001e635332fe0 Thread added: 0x000001e6361ab9a0
Event: 98.532 Thread 0x000001e635332fe0 Thread added: 0x000001e6361acd50
Event: 98.539 Thread 0x000001e635332fe0 Thread added: 0x000001e6361ac030
Event: 98.542 Thread 0x000001e635332fe0 Thread added: 0x000001e6361a98d0
Event: 98.547 Thread 0x000001e635332fe0 Thread added: 0x000001e6361a9f60
Event: 98.549 Thread 0x000001e635332fe0 Thread added: 0x000001e6361aa5f0


Dynamic libraries:
0x00007ff753640000 - 0x00007ff75364a000 	D:\Android Studio\jbr\bin\java.exe
0x00007ffe43d80000 - 0x00007ffe43fe7000 	C:\WINDOWS\SYSTEM32\ntdll.dll
0x00007ffe428b0000 - 0x00007ffe42979000 	C:\WINDOWS\System32\KERNEL32.DLL
0x00007ffe412c0000 - 0x00007ffe416b4000 	C:\WINDOWS\System32\KERNELBASE.dll
0x00007ffe40900000 - 0x00007ffe40a4b000 	C:\WINDOWS\System32\ucrtbase.dll
0x00007ffe31430000 - 0x00007ffe31448000 	D:\Android Studio\jbr\bin\jli.dll
0x00007ffe2f4f0000 - 0x00007ffe2f50b000 	D:\Android Studio\jbr\bin\VCRUNTIME140.dll
0x00007ffe41b10000 - 0x00007ffe41cd5000 	C:\WINDOWS\System32\USER32.dll
0x00007ffe2dd70000 - 0x00007ffe2e003000 	C:\WINDOWS\WinSxS\amd64_microsoft.windows.common-controls_6595b64144ccf1df_6.0.26100.8115_none_3e075c82e3354f9c\COMCTL32.dll
0x00007ffe418b0000 - 0x00007ffe418d7000 	C:\WINDOWS\System32\win32u.dll
0x00007ffe42530000 - 0x00007ffe4255b000 	C:\WINDOWS\System32\GDI32.dll
0x00007ffe416c0000 - 0x00007ffe417ea000 	C:\WINDOWS\System32\gdi32full.dll
0x00007ffe418e0000 - 0x00007ffe41983000 	C:\WINDOWS\System32\msvcp_win.dll
0x00007ffe43b80000 - 0x00007ffe43c29000 	C:\WINDOWS\System32\msvcrt.dll
0x00007ffe430b0000 - 0x00007ffe430e2000 	C:\WINDOWS\System32\IMM32.DLL
0x00007ffe31420000 - 0x00007ffe3142c000 	D:\Android Studio\jbr\bin\vcruntime140_1.dll
0x00007ffe19130000 - 0x00007ffe191bd000 	D:\Android Studio\jbr\bin\msvcp140.dll
0x00007ffd59d10000 - 0x00007ffd5a99b000 	D:\Android Studio\jbr\bin\server\jvm.dll
0x00007ffe42980000 - 0x00007ffe42a36000 	C:\WINDOWS\System32\ADVAPI32.dll
0x00007ffe41ce0000 - 0x00007ffe41d87000 	C:\WINDOWS\System32\sechost.dll
0x00007ffe42560000 - 0x00007ffe42678000 	C:\WINDOWS\System32\RPCRT4.dll
0x00007ffe41e50000 - 0x00007ffe41ed0000 	C:\WINDOWS\System32\WS2_32.dll
0x00007ffe404b0000 - 0x00007ffe4050e000 	C:\WINDOWS\SYSTEM32\POWRPROF.dll
0x00007ffe2e010000 - 0x00007ffe2e046000 	C:\WINDOWS\SYSTEM32\WINMM.dll
0x00007ffe38b50000 - 0x00007ffe38b5b000 	C:\WINDOWS\SYSTEM32\VERSION.dll
0x00007ffe40490000 - 0x00007ffe404a4000 	C:\WINDOWS\SYSTEM32\UMPDC.dll
0x00007ffe3f3e0000 - 0x00007ffe3f3fb000 	C:\WINDOWS\SYSTEM32\kernel.appcore.dll
0x00007ffe260b0000 - 0x00007ffe260ba000 	D:\Android Studio\jbr\bin\jimage.dll
0x00007ffe3e690000 - 0x00007ffe3e8d2000 	C:\WINDOWS\SYSTEM32\DBGHELP.DLL
0x00007ffe41ee0000 - 0x00007ffe42262000 	C:\WINDOWS\System32\combase.dll
0x00007ffe42270000 - 0x00007ffe42347000 	C:\WINDOWS\System32\OLEAUT32.dll
0x00007ffe2f830000 - 0x00007ffe2f86b000 	C:\WINDOWS\SYSTEM32\dbgcore.DLL
0x00007ffe406e0000 - 0x00007ffe40785000 	C:\WINDOWS\System32\bcryptPrimitives.dll
0x00007ffe339c0000 - 0x00007ffe339ce000 	D:\Android Studio\jbr\bin\instrument.dll
0x00007ffe24af0000 - 0x00007ffe24b10000 	D:\Android Studio\jbr\bin\java.dll
0x00007ffe248b0000 - 0x00007ffe248c8000 	D:\Android Studio\jbr\bin\zip.dll
0x00007ffe43310000 - 0x00007ffe43a76000 	C:\WINDOWS\System32\SHELL32.dll
0x00007ffe40790000 - 0x00007ffe408fa000 	C:\WINDOWS\System32\wintypes.dll
0x00007ffe40a50000 - 0x00007ffe412b5000 	C:\WINDOWS\System32\windows.storage.dll
0x00007ffe423a0000 - 0x00007ffe42497000 	C:\WINDOWS\System32\SHCORE.dll
0x00007ffe43cb0000 - 0x00007ffe43d16000 	C:\WINDOWS\System32\shlwapi.dll
0x00007ffe40570000 - 0x00007ffe40599000 	C:\WINDOWS\SYSTEM32\profapi.dll
0x00007ffe23820000 - 0x00007ffe23830000 	D:\Android Studio\jbr\bin\net.dll
0x00007ffe38800000 - 0x00007ffe3892d000 	C:\WINDOWS\SYSTEM32\WINHTTP.dll
0x00007ffe3f950000 - 0x00007ffe3f9bc000 	C:\WINDOWS\system32\mswsock.dll
0x00007ffe1e020000 - 0x00007ffe1e036000 	D:\Android Studio\jbr\bin\nio.dll
0x00007ffe1a8f0000 - 0x00007ffe1a900000 	D:\Android Studio\jbr\bin\verify.dll
0x00007ffe31f40000 - 0x00007ffe31f67000 	C:\Users\vipla\.gradle\native\c067742578af261105cb4f569cf0c3c89f3d7b1fecec35dd04571415982c5e48\windows-amd64\native-platform.dll
0x00007ffde23f0000 - 0x00007ffde2534000 	C:\Users\vipla\.gradle\native\100fb08df4bc3b14c8652ba06237920a3bd2aa13389f12d3474272988ae205f9\windows-amd64\native-platform-file-events.dll
0x00007ffe23650000 - 0x00007ffe23659000 	D:\Android Studio\jbr\bin\management.dll
0x00007ffe1dfb0000 - 0x00007ffe1dfbb000 	D:\Android Studio\jbr\bin\management_ext.dll
0x00007ffe426a0000 - 0x00007ffe426a8000 	C:\WINDOWS\System32\PSAPI.DLL
0x00007ffe3fc30000 - 0x00007ffe3fc4b000 	C:\WINDOWS\SYSTEM32\CRYPTSP.dll
0x00007ffe3f340000 - 0x00007ffe3f379000 	C:\WINDOWS\system32\rsaenh.dll
0x00007ffe3fa00000 - 0x00007ffe3fa33000 	C:\WINDOWS\SYSTEM32\USERENV.dll
0x00007ffe40540000 - 0x00007ffe4056a000 	C:\WINDOWS\SYSTEM32\bcrypt.dll
0x00007ffe3fc50000 - 0x00007ffe3fc5c000 	C:\WINDOWS\SYSTEM32\CRYPTBASE.dll
0x00007ffe3ed00000 - 0x00007ffe3ed32000 	C:\WINDOWS\SYSTEM32\IPHLPAPI.DLL
0x00007ffe42690000 - 0x00007ffe4269a000 	C:\WINDOWS\System32\NSI.dll
0x00007ffe23690000 - 0x00007ffe23699000 	D:\Android Studio\jbr\bin\extnet.dll
0x00007ffdd2580000 - 0x00007ffdd2588000 	C:\WINDOWS\system32\wshunix.dll
0x00007ffe3ee70000 - 0x00007ffe3efa2000 	C:\WINDOWS\SYSTEM32\DNSAPI.dll
0x00007ffe38bf0000 - 0x00007ffe38bfb000 	C:\Windows\System32\rasadhlp.dll
0x00007ffe33100000 - 0x00007ffe33186000 	C:\WINDOWS\System32\fwpuclnt.dll
0x00007ffe109f0000 - 0x00007ffe10a08000 	C:\WINDOWS\system32\napinsp.dll
0x00007ffe109d0000 - 0x00007ffe109e3000 	C:\WINDOWS\System32\winrnr.dll
0x00007ffe109a0000 - 0x00007ffe109c2000 	C:\WINDOWS\system32\nlansp_c.dll
0x00007ffe33e90000 - 0x00007ffe33ea6000 	C:\WINDOWS\system32\wshbth.dll

dbghelp: loaded successfully - version: 4.0.5 - missing functions: none
symbol engine: initialized successfully - sym options: 0x614 - pdb path: .;D:\Android Studio\jbr\bin;C:\WINDOWS\SYSTEM32;C:\WINDOWS\WinSxS\amd64_microsoft.windows.common-controls_6595b64144ccf1df_6.0.26100.8115_none_3e075c82e3354f9c;D:\Android Studio\jbr\bin\server;C:\Users\vipla\.gradle\native\c067742578af261105cb4f569cf0c3c89f3d7b1fecec35dd04571415982c5e48\windows-amd64;C:\Users\vipla\.gradle\native\100fb08df4bc3b14c8652ba06237920a3bd2aa13389f12d3474272988ae205f9\windows-amd64

VM Arguments:
jvm_args: --add-opens=java.base/java.lang=ALL-UNNAMED --add-opens=java.base/java.lang.invoke=ALL-UNNAMED --add-opens=java.base/java.util=ALL-UNNAMED --add-opens=java.prefs/java.util.prefs=ALL-UNNAMED --add-exports=jdk.compiler/com.sun.tools.javac.api=ALL-UNNAMED --add-exports=jdk.compiler/com.sun.tools.javac.util=ALL-UNNAMED --add-opens=java.base/java.util=ALL-UNNAMED --add-opens=java.prefs/java.util.prefs=ALL-UNNAMED --add-opens=java.base/java.nio.charset=ALL-UNNAMED --add-opens=java.base/java.net=ALL-UNNAMED --add-opens=java.base/java.util.concurrent.atomic=ALL-UNNAMED --add-opens=java.xml/javax.xml.namespace=ALL-UNNAMED -Xmx2048m -Dfile.encoding=UTF-8 -Duser.country=IN -Duser.language=en -Duser.variant -javaagent:C:\Users\vipla\.gradle\wrapper\dists\gradle-8.11.1-bin\bpt9gzteqjrbo1mjrsomdt32c\gradle-8.11.1\lib\agents\gradle-instrumentation-agent-8.11.1.jar 
java_command: org.gradle.launcher.daemon.bootstrap.GradleDaemon 8.11.1
java_class_path (initial): C:\Users\vipla\.gradle\wrapper\dists\gradle-8.11.1-bin\bpt9gzteqjrbo1mjrsomdt32c\gradle-8.11.1\lib\gradle-daemon-main-8.11.1.jar
Launcher Type: SUN_STANDARD

[Global flags]
     intx CICompilerCount                          = 4                                         {product} {ergonomic}
     uint ConcGCThreads                            = 2                                         {product} {ergonomic}
     uint G1ConcRefinementThreads                  = 8                                         {product} {ergonomic}
   size_t G1HeapRegionSize                         = 1048576                                   {product} {ergonomic}
    uintx GCDrainStackTargetSize                   = 64                                        {product} {ergonomic}
   size_t InitialHeapSize                          = 132120576                                 {product} {ergonomic}
   size_t MarkStackSize                            = 4194304                                   {product} {ergonomic}
   size_t MaxHeapSize                              = 2147483648                                {product} {command line}
   size_t MaxNewSize                               = 1287651328                                {product} {ergonomic}
   size_t MinHeapDeltaBytes                        = 1048576                                   {product} {ergonomic}
   size_t MinHeapSize                              = 8388608                                   {product} {ergonomic}
    uintx NonNMethodCodeHeapSize                   = 5839372                                {pd product} {ergonomic}
    uintx NonProfiledCodeHeapSize                  = 122909434                              {pd product} {ergonomic}
    uintx ProfiledCodeHeapSize                     = 122909434                              {pd product} {ergonomic}
    uintx ReservedCodeCacheSize                    = 251658240                              {pd product} {ergonomic}
     bool SegmentedCodeCache                       = true                                      {product} {ergonomic}
   size_t SoftMaxHeapSize                          = 2147483648                             {manageable} {ergonomic}
     bool UseCompressedOops                        = true                           {product lp64_product} {ergonomic}
     bool UseG1GC                                  = true                                      {product} {ergonomic}
     bool UseLargePagesIndividualAllocation        = false                                  {pd product} {ergonomic}

Logging:
Log output configuration:
 #0: stdout all=warning uptime,level,tags foldmultilines=false
 #1: stderr all=off uptime,level,tags foldmultilines=false

Environment Variables:
PATH=C:\WINDOWS\system32;C:\WINDOWS;C:\WINDOWS\System32\Wbem;C:\WINDOWS\System32\WindowsPowerShell\v1.0\;C:\WINDOWS\System32\OpenSSH\;C:\Program Files\dotnet\;C:\Program Files\MySQL\MySQL Server 8.0\bin;C:\Program Files\Microsoft SQL Server\150\Tools\Binn\;C:\Program Files\Microsoft SQL Server\Client SDK\ODBC\170\Tools\Binn\;C:\Program Files (x86)\Microsoft SQL Server\160\Tools\Binn\;C:\Program Files\Microsoft SQL Server\160\Tools\Binn\;C:\Program Files\Microsoft SQL Server\160\DTS\Binn\;C:\Program Files\Git\cmd;C:\Users\vipla\AppData\Local\Programs\Python\Launcher\;C:\Users\vipla\AppData\Local\Microsoft\WindowsApps;C:\Users\vipla\AppData\Local\Programs\Microsoft VS Code\bin;\msys64\ucrt64\bin;C:\src\flutter\flutter\bin;C:\src\flutter_windows_3.32.5-stable(2).zip\flutter\bin;C:\Users\vipla\.dotnet\tools
USERNAME=vipla
OS=Windows_NT
PROCESSOR_IDENTIFIER=Intel64 Family 6 Model 126 Stepping 5, GenuineIntel
TMP=C:\Users\vipla\AppData\Local\Temp
TEMP=C:\Users\vipla\AppData\Local\Temp




Periodic native trim disabled

JNI global refs:
JNI global refs: 29, weak refs: 3

JNI global refs memory usage: 835, weak refs: 833

Process memory usage:
Resident Set Size: 191544K (2% of 8150356K total physical memory with 10876K free physical memory)

OOME stack traces (most recent first):
Classloader memory used:
Loader org.gradle.internal.classloader.VisitableURLClassLoader                         : 42219K
Loader bootstrap                                                                       : 32575K
Loader org.gradle.internal.classloader.VisitableURLClassLoader$InstrumentingVisitableURLClassLoader: 26336K
Loader org.gradle.initialization.MixInLegacyTypesClassLoader                           : 12998K
Loader jdk.internal.loader.ClassLoaders$PlatformClassLoader                            : 808K
Loader jdk.internal.reflect.DelegatingClassLoader                                      : 253K
Loader jdk.internal.loader.ClassLoaders$AppClassLoader                                 : 234K
Loader org.gradle.internal.classloader.VisitableURLClassLoader                         : 115K
Loader sun.reflect.misc.MethodUtil                                                     : 2952B

Classes loaded by more than one classloader:
Class Program                                                                         : loaded 5 times (x 68B)
Class com.google.common.base.Equivalence$Identity                                     : loaded 2 times (x 78B)
Class com.google.common.collect.RegularImmutableMap$KeySet                            : loaded 2 times (x 146B)
Class org.gradle.internal.classloader.FilteringClassLoader                            : loaded 2 times (x 101B)
Class [Lcom.google.common.base.AbstractIterator$State;                                : loaded 2 times (x 65B)
Class com.google.common.base.CharMatcher$IsEither                                     : loaded 2 times (x 107B)
Class org.gradle.internal.classloader.ClassLoaderHierarchy                            : loaded 2 times (x 66B)
Class com.google.common.collect.ImmutableEnumSet                                      : loaded 2 times (x 142B)
Class com.google.common.util.concurrent.ExecutionError                                : loaded 2 times (x 78B)
Class com.google.common.collect.ImmutableList$1                                       : loaded 2 times (x 93B)
Class org.gradle.api.internal.classpath.ManifestUtil                                  : loaded 2 times (x 67B)
Class com.google.common.collect.RegularImmutableMap                                   : loaded 2 times (x 117B)
Class com.google.common.collect.ImmutableMap$MapViewOfValuesAsSingletonSets           : loaded 2 times (x 121B)
Class [Lorg.objectweb.asm.Symbol;                                                     : loaded 2 times (x 65B)
Class org.objectweb.asm.ClassVisitor                                                  : loaded 2 times (x 83B)
Class com.google.common.collect.UnmodifiableListIterator                              : loaded 2 times (x 91B)
Class org.objectweb.asm.MethodTooLargeException                                       : loaded 2 times (x 79B)
Class com.google.common.base.Platform$JdkPatternCompiler                              : loaded 2 times (x 71B)
Class [Lcom.google.common.cache.CacheBuilder$OneWeigher;                              : loaded 2 times (x 65B)
Class com.google.common.base.Suppliers                                                : loaded 2 times (x 67B)
Class org.gradle.internal.classloader.DefaultClassLoaderFactory                       : loaded 2 times (x 78B)
Class com.google.common.base.CharMatcher$None                                         : loaded 2 times (x 108B)
Class org.gradle.internal.classloader.ClassLoaderVisitor                              : loaded 2 times (x 72B)
Class [Lcom.google.common.collect.ImmutableMapEntry;                                  : loaded 2 times (x 65B)
Class org.gradle.api.internal.classpath.EffectiveClassPath                            : loaded 2 times (x 86B)
Class org.apache.commons.io.output.StringBuilderWriter                                : loaded 2 times (x 96B)
Class com.google.common.collect.ImmutableEnumMap                                      : loaded 2 times (x 121B)
Class com.google.common.collect.ListMultimap                                          : loaded 2 times (x 66B)
Class com.google.common.collect.Sets$1                                                : loaded 2 times (x 135B)
Class org.objectweb.asm.AnnotationVisitor                                             : loaded 2 times (x 73B)
Class com.google.common.base.Splitter                                                 : loaded 2 times (x 68B)
Class org.gradle.api.internal.DefaultClassPathProvider                                : loaded 2 times (x 72B)
Class com.google.common.collect.Sets$2                                                : loaded 2 times (x 135B)
Class [Lorg.gradle.api.internal.ClassPathProvider;                                    : loaded 2 times (x 65B)
Class org.gradle.api.internal.ClassPathProvider                                       : loaded 2 times (x 66B)
Class [Lorg.objectweb.asm.AnnotationVisitor;                                          : loaded 2 times (x 65B)
Class com.google.common.collect.Sets$3                                                : loaded 2 times (x 135B)
Class com.google.common.util.concurrent.AbstractFuture$SafeAtomicHelper               : loaded 2 times (x 75B)
Class com.google.common.cache.LocalCache$LocalLoadingCache                            : loaded 2 times (x 130B)
Class com.google.common.base.AbstractIterator$State                                   : loaded 2 times (x 75B)
Class org.gradle.internal.service.UnknownServiceException                             : loaded 2 times (x 79B)
Class com.google.common.collect.Sets$4                                                : loaded 2 times (x 135B)
Class org.objectweb.asm.ModuleVisitor                                                 : loaded 2 times (x 76B)
Class com.google.common.cache.LocalCache$Strength$1                                   : loaded 2 times (x 77B)
Class com.google.common.util.concurrent.SettableFuture                                : loaded 2 times (x 110B)
Class com.google.common.cache.LocalCache$Strength$2                                   : loaded 2 times (x 77B)
Class com.google.common.cache.LocalCache$Strength$3                                   : loaded 2 times (x 77B)
Class com.google.common.collect.MapDifference                                         : loaded 2 times (x 66B)
Class com.google.common.base.Splitter$1                                               : loaded 2 times (x 73B)
Class org.objectweb.asm.FieldWriter                                                   : loaded 2 times (x 73B)
Class com.google.common.cache.CacheBuilder$NullListener                               : loaded 2 times (x 78B)
Class org.gradle.internal.classpath.TransformedClassPath                              : loaded 2 times (x 92B)
Class org.gradle.internal.classloader.InstrumentingClassLoader                        : loaded 2 times (x 66B)
Class com.google.common.cache.CacheLoader$FunctionToCacheLoader                       : loaded 2 times (x 71B)
Class com.google.common.collect.Iterators$ArrayItr                                    : loaded 2 times (x 93B)
Class com.google.common.collect.ImmutableCollection$Builder                           : loaded 2 times (x 72B)
Class org.apache.commons.io.output.ByteArrayOutputStream                              : loaded 2 times (x 88B)
Class com.google.common.base.Joiner                                                   : loaded 2 times (x 75B)
Class com.google.common.base.MoreObjects                                              : loaded 2 times (x 67B)
Class [Lorg.objectweb.asm.Type;                                                       : loaded 2 times (x 65B)
Class com.google.common.collect.Platform                                              : loaded 2 times (x 67B)
Class com.google.common.collect.UnmodifiableIterator                                  : loaded 2 times (x 76B)
Class org.gradle.internal.service.ServiceLocator                                      : loaded 2 times (x 66B)
Class com.google.common.base.Ascii                                                    : loaded 2 times (x 67B)
Class com.google.common.collect.SingletonImmutableBiMap                               : loaded 2 times (x 139B)
Class com.google.common.cache.LocalCache$1                                            : loaded 2 times (x 85B)
Class com.google.common.collect.AbstractMapEntry                                      : loaded 2 times (x 77B)
Class com.google.common.collect.Sets$ImprovedAbstractSet                              : loaded 2 times (x 131B)
Class com.google.common.collect.ImmutableList$Builder                                 : loaded 2 times (x 73B)
Class com.google.common.cache.LocalCache$2                                            : loaded 2 times (x 138B)
Class com.google.common.collect.AbstractMultimap                                      : loaded 2 times (x 119B)
Class com.google.common.util.concurrent.AbstractFuture$UnsafeAtomicHelper$1           : loaded 2 times (x 72B)
Class com.google.common.collect.RegularImmutableAsList                                : loaded 2 times (x 212B)
Class com.google.common.util.concurrent.AbstractFuture$Trusted                        : loaded 2 times (x 66B)
Class com.google.common.collect.Iterators                                             : loaded 2 times (x 67B)
Class com.google.common.base.CharMatcher$RangesMatcher                                : loaded 2 times (x 108B)
Class com.google.common.util.concurrent.UncheckedExecutionException                   : loaded 2 times (x 78B)
Class com.google.common.collect.Lists$StringAsImmutableList                           : loaded 2 times (x 203B)
Class com.google.common.base.CharMatcher$JavaLetterOrDigit                            : loaded 2 times (x 107B)
Class org.gradle.internal.InternalTransformer                                         : loaded 2 times (x 66B)
Class com.google.common.collect.AbstractMapBasedMultimap$KeySet$1                     : loaded 2 times (x 78B)
Class org.objectweb.asm.ClassWriter                                                   : loaded 2 times (x 100B)
Class com.google.common.cache.CacheLoader$UnsupportedLoadingOperationException        : loaded 2 times (x 78B)
Class com.google.common.base.CharMatcher$And                                          : loaded 2 times (x 108B)
Class org.gradle.internal.classloader.ClasspathUtil$1                                 : loaded 2 times (x 72B)
Class com.google.common.base.Objects                                                  : loaded 2 times (x 67B)
Class org.objectweb.asm.FieldVisitor                                                  : loaded 2 times (x 72B)
Class com.google.common.collect.IndexedImmutableSet                                   : loaded 2 times (x 146B)
Class com.google.common.collect.ImmutableMap$1                                        : loaded 2 times (x 77B)
Class com.google.common.collect.BiMap                                                 : loaded 2 times (x 66B)
Class org.gradle.api.internal.classpath.DefaultModuleRegistry$DefaultModule           : loaded 2 times (x 82B)
Class com.google.common.primitives.Ints                                               : loaded 2 times (x 67B)
Class com.google.common.collect.AbstractIterator                                      : loaded 2 times (x 78B)
Class com.google.common.math.MathPreconditions                                        : loaded 2 times (x 67B)
Class com.google.common.collect.Multiset                                              : loaded 2 times (x 66B)
Class com.google.common.collect.ArrayListMultimapGwtSerializationDependencies         : loaded 2 times (x 168B)
Class com.google.common.collect.ObjectArrays                                          : loaded 2 times (x 67B)
Class com.google.common.collect.AbstractIndexedListIterator                           : loaded 2 times (x 92B)
Class com.google.common.collect.ImmutableMapEntrySet                                  : loaded 2 times (x 147B)
Class org.gradle.api.internal.classpath.Module                                        : loaded 2 times (x 66B)
Class com.google.common.cache.Weigher                                                 : loaded 2 times (x 66B)
Class org.gradle.api.internal.classpath.UnknownModuleException                        : loaded 2 times (x 78B)
Class com.google.common.base.Stopwatch                                                : loaded 2 times (x 68B)
Class com.google.common.cache.LocalCache$Strength                                     : loaded 2 times (x 77B)
Class com.google.common.cache.Cache                                                   : loaded 2 times (x 66B)
Class com.google.common.util.concurrent.AbstractFuture$Cancellation                   : loaded 2 times (x 68B)
Class com.google.common.collect.ImmutableMap$Builder                                  : loaded 2 times (x 78B)
Class com.google.common.base.NullnessCasts                                            : loaded 2 times (x 67B)
Class com.google.common.cache.RemovalListener                                         : loaded 2 times (x 66B)
Class org.gradle.api.internal.DefaultClassPathRegistry                                : loaded 2 times (x 72B)
Class com.google.common.primitives.IntsMethodsForWeb                                  : loaded 2 times (x 67B)
Class com.google.common.collect.Multimap                                              : loaded 2 times (x 66B)
Class org.gradle.api.internal.ClassPathRegistry                                       : loaded 2 times (x 66B)
Class org.gradle.internal.classpath.DefaultClassPath$ImmutableUniqueList              : loaded 2 times (x 195B)
Class com.google.common.base.ExtraObjectsMethodsForWeb                                : loaded 2 times (x 67B)
Class org.apache.commons.io.IOUtils                                                   : loaded 2 times (x 67B)
Class com.google.common.base.PairwiseEquivalence                                      : loaded 2 times (x 79B)
Class com.google.common.cache.CacheBuilder                                            : loaded 2 times (x 68B)
Class com.google.common.collect.SingletonImmutableList                                : loaded 2 times (x 203B)
Class Settings_gradle$1                                                               : loaded 2 times (x 70B)
Class org.gradle.internal.classpath.ClassPath                                         : loaded 2 times (x 66B)
Class org.gradle.api.UncheckedIOException                                             : loaded 2 times (x 78B)
Class com.google.common.collect.ImmutableList$ReverseImmutableList                    : loaded 2 times (x 204B)
Class com.google.common.base.JdkPattern                                               : loaded 2 times (x 71B)
Class org.objectweb.asm.SymbolTable$Entry                                             : loaded 2 times (x 70B)
Class com.google.common.util.concurrent.AbstractFuture$AtomicHelper                   : loaded 2 times (x 74B)
Class org.objectweb.asm.Edge                                                          : loaded 2 times (x 68B)
Class com.google.common.base.Suppliers$SupplierOfInstance                             : loaded 2 times (x 75B)
Class com.google.common.collect.Iterators$1                                           : loaded 2 times (x 77B)
Class com.google.common.cache.LocalCache$ComputingValueReference                      : loaded 2 times (x 92B)
Class com.google.common.collect.SingletonImmutableSet                                 : loaded 2 times (x 142B)
Class com.google.common.collect.ImmutableMap$IteratorBasedImmutableMap                : loaded 2 times (x 121B)
Class com.google.common.cache.LocalCache$Segment                                      : loaded 2 times (x 150B)
Class [Lorg.objectweb.asm.SymbolTable$Entry;                                          : loaded 2 times (x 65B)
Class com.google.common.cache.CacheLoader                                             : loaded 2 times (x 70B)
Class com.google.common.collect.Iterators$4                                           : loaded 2 times (x 78B)
Class com.google.common.collect.ImmutableBiMap                                        : loaded 2 times (x 139B)
Class com.google.common.collect.AbstractListMultimap                                  : loaded 2 times (x 168B)
Class org.gradle.internal.installation.GradleInstallation$1                           : loaded 2 times (x 71B)
Class org.gradle.api.internal.classpath.ModuleRegistry                                : loaded 2 times (x 66B)
Class com.google.common.util.concurrent.internal.InternalFutureFailureAccess          : loaded 2 times (x 68B)
Class com.google.common.collect.Iterators$5                                           : loaded 2 times (x 78B)
Class com.google.common.collect.ImmutableSet$JdkBackedSetBuilderImpl                  : loaded 2 times (x 72B)
Class com.google.common.base.Splitter$SplittingIterator                               : loaded 2 times (x 80B)
Class com.google.common.util.concurrent.AbstractFuture$UnsafeAtomicHelper             : loaded 2 times (x 74B)
Class com.google.common.cache.LocalCache$LocalManualCache$1                           : loaded 2 times (x 71B)
Class com.google.common.base.CharMatcher$ForPredicate                                 : loaded 2 times (x 108B)
Class com.google.common.collect.ImmutableCollection                                   : loaded 2 times (x 121B)
Class com.google.common.base.CharMatcher$AnyOf                                        : loaded 2 times (x 108B)
Class org.gradle.api.internal.classpath.DefaultModuleRegistry                         : loaded 2 times (x 82B)
Class com.google.common.util.concurrent.ListenableFuture                              : loaded 2 times (x 66B)
Class com.google.common.cache.ReferenceEntry                                          : loaded 2 times (x 66B)
Class com.google.common.collect.ImmutableSet$CachingAsList                            : loaded 2 times (x 143B)
Class com.google.common.base.Converter                                                : loaded 2 times (x 86B)
Class com.google.common.collect.Lists                                                 : loaded 2 times (x 67B)
Class com.google.common.base.CharMatcher$Any                                          : loaded 2 times (x 108B)
Class com.google.common.util.concurrent.AbstractFuture                                : loaded 2 times (x 102B)
Class com.google.common.base.FunctionalEquivalence                                    : loaded 2 times (x 79B)
Class com.google.common.collect.Iterators$9                                           : loaded 2 times (x 77B)
Class com.google.common.collect.AbstractMapBasedMultimap                              : loaded 2 times (x 135B)
Class com.google.common.collect.ImmutableAsList                                       : loaded 2 times (x 205B)
Class org.objectweb.asm.RecordComponentVisitor                                        : loaded 2 times (x 73B)
Class com.google.common.cache.CacheLoader$SupplierToCacheLoader                       : loaded 2 times (x 71B)
Class com.google.common.collect.Maps$EntryTransformer                                 : loaded 2 times (x 66B)
Class org.gradle.internal.service.ServiceLookupException                              : loaded 2 times (x 78B)
Class [Lcom.google.common.cache.LocalCache$EntryFactory;                              : loaded 2 times (x 65B)
Class com.google.common.base.CharMatcher$JavaLetter                                   : loaded 2 times (x 107B)
Class org.gradle.internal.classloader.ClassLoaderFactory                              : loaded 2 times (x 66B)
Class com.google.common.cache.LocalCache$LocalManualCache                             : loaded 2 times (x 95B)
Class com.google.common.base.CharMatcher$IsNot                                        : loaded 2 times (x 107B)
Class com.google.common.base.CommonPattern                                            : loaded 2 times (x 70B)
Class org.gradle.internal.service.CachingServiceLocator                               : loaded 2 times (x 78B)
Class com.google.common.collect.AbstractMapBasedMultimap$KeySet                       : loaded 2 times (x 133B)
Class com.google.common.math.IntMath                                                  : loaded 2 times (x 67B)
Class com.google.common.collect.Iterators$10                                          : loaded 2 times (x 77B)
Class com.google.common.collect.ImmutableMapEntry                                     : loaded 2 times (x 81B)
Class com.google.common.base.CharMatcher$JavaDigit                                    : loaded 2 times (x 107B)
Class com.google.common.base.Equivalence                                              : loaded 2 times (x 78B)
Class com.google.common.collect.ImmutableMapEntry$NonTerminalImmutableMapEntry        : loaded 2 times (x 81B)
Class com.google.common.base.Function                                                 : loaded 2 times (x 66B)
Class com.google.common.cache.CacheBuilder$OneWeigher                                 : loaded 2 times (x 78B)
Class com.google.common.collect.RegularImmutableList                                  : loaded 2 times (x 208B)
Class com.google.common.collect.ImmutableBiMapFauxverideShim                          : loaded 2 times (x 116B)
Class org.gradle.internal.classloader.ClasspathUtil                                   : loaded 2 times (x 67B)
Class com.google.common.base.Charsets                                                 : loaded 2 times (x 67B)
Class com.google.common.util.concurrent.Uninterruptibles                              : loaded 2 times (x 67B)
Class com.google.common.collect.Maps                                                  : loaded 2 times (x 67B)
Class com.google.common.base.CharMatcher$JavaUpperCase                                : loaded 2 times (x 107B)
Class org.gradle.api.specs.Spec                                                       : loaded 2 times (x 66B)
Class [Lcom.google.common.collect.ImmutableEntry;                                     : loaded 2 times (x 65B)
Class com.google.common.cache.LocalCache$LoadingValueReference                        : loaded 2 times (x 92B)
Class com.google.common.base.Platform                                                 : loaded 2 times (x 67B)
Class [Lorg.objectweb.asm.AnnotationWriter;                                           : loaded 2 times (x 65B)
Class com.google.common.primitives.Ints$IntConverter                                  : loaded 2 times (x 86B)
Class com.google.common.collect.Maps$8                                                : loaded 2 times (x 78B)
Class com.google.common.collect.Sets$SetView                                          : loaded 2 times (x 134B)
Class com.google.common.cache.LocalCache$StrongValueReference                         : loaded 2 times (x 86B)
Class com.google.common.util.concurrent.AbstractFuture$SynchronizedHelper             : loaded 2 times (x 74B)
Class com.google.common.base.CharMatcher$Invisible                                    : loaded 2 times (x 108B)
Class org.objectweb.asm.Type                                                          : loaded 2 times (x 68B)
Class org.gradle.internal.classloader.VisitableURLClassLoader$InstrumentingVisitableURLClassLoader: loaded 2 times (x 119B)
Class org.objectweb.asm.ByteVector                                                    : loaded 2 times (x 74B)
Class [Lcom.google.common.cache.CacheBuilder$NullListener;                            : loaded 2 times (x 65B)
Class com.google.common.math.IntMath$1                                                : loaded 2 times (x 67B)
Class org.gradle.internal.classloader.VisitableURLClassLoader$Spec                    : loaded 2 times (x 70B)
Class org.gradle.internal.classpath.DefaultClassPath                                  : loaded 2 times (x 86B)
Class org.objectweb.asm.Symbol                                                        : loaded 2 times (x 69B)
Class com.google.common.base.AbstractIterator                                         : loaded 2 times (x 76B)
Class com.google.common.collect.ImmutableSet                                          : loaded 2 times (x 141B)
Class com.google.common.collect.RegularImmutableMap$Values                            : loaded 2 times (x 203B)
Class com.google.common.base.CharMatcher$BitSetMatcher                                : loaded 2 times (x 108B)
Class com.google.common.base.CharMatcher$Ascii                                        : loaded 2 times (x 108B)
Class org.gradle.internal.classloader.ClassLoaderSpec                                 : loaded 2 times (x 67B)
Class org.objectweb.asm.AnnotationWriter                                              : loaded 2 times (x 74B)
Class com.google.common.cache.CacheStats                                              : loaded 2 times (x 67B)
Class org.objectweb.asm.RecordComponentWriter                                         : loaded 2 times (x 74B)
Class com.google.common.util.concurrent.AbstractFuture$Listener                       : loaded 2 times (x 68B)
Class com.google.common.base.CharMatcher$Or                                           : loaded 2 times (x 108B)
Class Settings_gradle$1$1                                                             : loaded 2 times (x 70B)
Class org.objectweb.asm.Attribute                                                     : loaded 2 times (x 73B)
Class com.google.common.base.Supplier                                                 : loaded 2 times (x 66B)
Class org.gradle.internal.classloader.VisitableURLClassLoader                         : loaded 2 times (x 113B)
Class com.google.common.util.concurrent.AbstractFuture$Waiter                         : loaded 2 times (x 68B)
Class Settings_gradle                                                                 : loaded 2 times (x 124B)
Class org.gradle.internal.Cast                                                        : loaded 2 times (x 67B)
Class org.gradle.api.Action                                                           : loaded 2 times (x 66B)
Class com.google.common.collect.Sets                                                  : loaded 2 times (x 67B)
Class org.objectweb.asm.Handler                                                       : loaded 2 times (x 68B)
Class com.google.common.base.Strings                                                  : loaded 2 times (x 67B)
Class com.google.common.base.Ticker                                                   : loaded 2 times (x 68B)
Class com.google.common.base.CharMatcher$FastMatcher                                  : loaded 2 times (x 107B)
Class [Lcom.google.common.cache.LocalCache$Segment;                                   : loaded 2 times (x 65B)
Class [Lcom.google.common.cache.LocalCache$Strength;                                  : loaded 2 times (x 65B)
Class com.google.common.cache.CacheBuilder$1                                          : loaded 2 times (x 81B)
Class com.google.common.collect.ImmutableMap                                          : loaded 2 times (x 116B)
Class com.google.common.base.Predicate                                                : loaded 2 times (x 66B)
Class org.gradle.internal.classpath.DefaultClassPath$ImmutableUniqueList$Builder      : loaded 2 times (x 71B)
Class com.google.common.cache.LocalCache                                              : loaded 2 times (x 183B)
Class com.google.common.cache.CacheBuilder$2                                          : loaded 2 times (x 75B)
Class com.google.common.base.CharMatcher$NegatedFastMatcher                           : loaded 2 times (x 109B)
Class com.google.common.cache.CacheBuilder$3                                          : loaded 2 times (x 68B)
Class [Lcom.google.common.collect.AbstractMapEntry;                                   : loaded 2 times (x 65B)
Class com.google.common.collect.ImmutableEntry                                        : loaded 2 times (x 78B)
Class com.google.common.collect.ArrayListMultimap                                     : loaded 2 times (x 168B)
Class com.google.common.base.AbstractIterator$1                                       : loaded 2 times (x 67B)
Class com.google.common.base.CharMatcher$Digit                                        : loaded 2 times (x 108B)
Class org.gradle.api.GradleException                                                  : loaded 2 times (x 78B)
Class com.google.common.collect.CollectPreconditions                                  : loaded 2 times (x 67B)
Class com.google.common.base.CharMatcher$JavaIsoControl                               : loaded 2 times (x 108B)
Class com.google.common.collect.SortedMapDifference                                   : loaded 2 times (x 66B)
Class com.google.common.base.CharMatcher$JavaLowerCase                                : loaded 2 times (x 107B)
Class com.google.common.cache.LocalCache$EntryFactory                                 : loaded 2 times (x 79B)
Class com.google.common.cache.LocalCache$AbstractReferenceEntry                       : loaded 2 times (x 103B)
Class com.google.common.base.Splitter$1$1                                             : loaded 2 times (x 82B)
Class com.google.common.base.CharMatcher$Whitespace                                   : loaded 2 times (x 108B)
Class org.gradle.internal.IoActions                                                   : loaded 2 times (x 67B)
Class org.objectweb.asm.SymbolTable                                                   : loaded 2 times (x 68B)
Class com.google.common.cache.CacheLoader$InvalidCacheLoadException                   : loaded 2 times (x 78B)
Class com.google.common.collect.ImmutableSet$RegularSetBuilderImpl                    : loaded 2 times (x 73B)
Class com.google.common.base.CharMatcher$SingleWidth                                  : loaded 2 times (x 108B)
Class org.gradle.internal.classloader.SystemClassLoaderSpec                           : loaded 2 times (x 67B)
Class com.google.common.cache.LocalCache$StrongEntry                                  : loaded 2 times (x 104B)
Class com.google.common.util.concurrent.AbstractFuture$TrustedFuture                  : loaded 2 times (x 110B)
Class com.google.common.cache.LoadingCache                                            : loaded 2 times (x 66B)
Class org.objectweb.asm.MethodWriter                                                  : loaded 2 times (x 101B)
Class [Lcom.google.common.cache.Weigher;                                              : loaded 2 times (x 65B)
Class com.google.common.collect.RegularImmutableMap$BucketOverflowException           : loaded 2 times (x 78B)
Class com.google.common.collect.RegularImmutableBiMap                                 : loaded 2 times (x 144B)
Class com.google.common.cache.LocalCache$ValueReference                               : loaded 2 times (x 66B)
Class com.google.common.base.CharMatcher$Negated                                      : loaded 2 times (x 109B)
Class com.google.common.base.CharMatcher$Is                                           : loaded 2 times (x 107B)
Class com.google.common.util.concurrent.AbstractFuture$Failure                        : loaded 2 times (x 68B)
Class com.google.common.base.PatternCompiler                                          : loaded 2 times (x 66B)
Class com.google.common.base.Equivalence$Equals                                       : loaded 2 times (x 78B)
Class com.google.common.collect.Hashing                                               : loaded 2 times (x 67B)
Class com.google.common.base.Preconditions                                            : loaded 2 times (x 67B)
Class com.google.common.base.Joiner$1                                                 : loaded 2 times (x 76B)
Class org.objectweb.asm.Label                                                         : loaded 2 times (x 69B)
Class org.objectweb.asm.CurrentFrame                                                  : loaded 2 times (x 69B)
Class org.objectweb.asm.ClassTooLargeException                                        : loaded 2 times (x 79B)
Class com.google.common.collect.PeekingIterator                                       : loaded 2 times (x 66B)
Class com.google.common.base.CharMatcher                                              : loaded 2 times (x 107B)
Class com.google.common.base.Joiner$2                                                 : loaded 2 times (x 75B)
Class org.objectweb.asm.Frame                                                         : loaded 2 times (x 69B)
Class org.objectweb.asm.MethodVisitor                                                 : loaded 2 times (x 100B)
Class com.google.common.cache.LocalCache$EntryFactory$1                               : loaded 2 times (x 79B)
Class [Lcom.google.common.cache.RemovalListener;                                      : loaded 2 times (x 65B)
Class com.google.common.base.CharMatcher$1                                            : loaded 2 times (x 109B)
Class com.google.common.base.CharMatcher$NamedFastMatcher                             : loaded 2 times (x 108B)
Class com.google.common.cache.LocalCache$EntryFactory$2                               : loaded 2 times (x 79B)
Class org.gradle.api.internal.classpath.GlobalCacheRootsProvider                      : loaded 2 times (x 66B)
Class org.objectweb.asm.ModuleWriter                                                  : loaded 2 times (x 77B)
Class com.google.common.cache.LocalCache$EntryFactory$3                               : loaded 2 times (x 79B)
Class com.google.common.base.Ticker$1                                                 : loaded 2 times (x 68B)
Class com.google.common.collect.ImmutableMapEntrySet$RegularEntrySet                  : loaded 2 times (x 147B)
Class com.google.common.collect.Maps$BiMapConverter                                   : loaded 2 times (x 86B)
Class com.google.common.cache.LocalCache$EntryFactory$4                               : loaded 2 times (x 79B)
Class com.google.common.collect.ImmutableSet$Builder                                  : loaded 2 times (x 81B)
Class com.google.common.base.CharMatcher$InRange                                      : loaded 2 times (x 107B)
Class com.google.common.cache.LocalCache$EntryFactory$5                               : loaded 2 times (x 79B)
Class com.google.common.cache.LocalCache$EntryFactory$6                               : loaded 2 times (x 79B)
Class org.gradle.internal.installation.CurrentGradleInstallationLocator               : loaded 2 times (x 67B)
Class com.google.common.collect.Maps$KeySet                                           : loaded 2 times (x 133B)
Class com.google.common.cache.LocalCache$EntryFactory$7                               : loaded 2 times (x 79B)
Class com.google.common.collect.ImmutableSet$EmptySetBuilderImpl                      : loaded 2 times (x 72B)
Class com.google.common.collect.ImmutableList                                         : loaded 2 times (x 202B)
Class org.gradle.internal.service.DefaultServiceLocator                               : loaded 2 times (x 79B)
Class com.google.common.cache.LocalCache$EntryFactory$8                               : loaded 2 times (x 79B)
Class com.google.common.collect.ImmutableSet$SetBuilderImpl                           : loaded 2 times (x 72B)
Class org.gradle.internal.installation.CurrentGradleInstallation                      : loaded 2 times (x 69B)
Class com.google.common.cache.CacheLoader$1                                           : loaded 2 times (x 71B)
Class com.google.common.collect.ImmutableList$SubList                                 : loaded 2 times (x 204B)
Class org.gradle.util.internal.GUtil                                                  : loaded 2 times (x 67B)
Class com.google.common.util.concurrent.AbstractFuture$SetFuture                      : loaded 2 times (x 71B)
Class com.google.common.cache.AbstractCache$StatsCounter                              : loaded 2 times (x 66B)
Class com.google.common.collect.Iterators$MergingIterator                             : loaded 2 times (x 77B)
Class com.google.common.collect.RegularImmutableSet                                   : loaded 2 times (x 144B)
Class org.gradle.internal.installation.GradleInstallation                             : loaded 2 times (x 71B)
Class com.google.common.collect.Iterables                                             : loaded 2 times (x 67B)
Class com.google.common.base.Splitter$Strategy                                        : loaded 2 times (x 66B)

---------------  S Y S T E M  ---------------

OS:
 Windows 11 , 64 bit Build 26100 (10.0.26100.8115)
OS uptime: 3 days 20:05 hours

CPU: total 8 (initial active 8) (4 cores per cpu, 2 threads per core) family 6 model 126 stepping 5 microcode 0xc2, cx8, cmov, fxsr, ht, mmx, 3dnowpref, sse, sse2, sse3, ssse3, sse4.1, sse4.2, popcnt, lzcnt, tsc, tscinvbit, avx, avx2, aes, erms, clmul, bmi1, bmi2, adx, avx512f, avx512dq, avx512cd, avx512bw, avx512vl, sha, fma, vzeroupper, avx512_vpopcntdq, avx512_vpclmulqdq, avx512_vaes, avx512_vnni, clflush, clflushopt, avx512_vbmi2, avx512_vbmi, rdtscp, rdpid, fsrm, gfni, avx512_bitalg, f16c, pku, avx512_ifma
Processor Information for the first 8 processors :
  Max Mhz: 1190, Current Mhz: 991, Mhz Limit: 987

Memory: 4k page, system-wide physical 7959M (4M free)
TotalPageFile size 32535M (AvailPageFile size 5M)
current process WorkingSet (physical memory assigned to process): 209M, peak: 327M
current process commit charge ("private bytes"): 512M, peak: 516M

vm_info: OpenJDK 64-Bit Server VM (21.0.6+-13368085-b895.109) for windows-amd64 JRE (21.0.6+-13368085-b895.109), built on 2025-04-16T17:01:31Z by "builder" with MS VC++ 16.10 / 16.11 (VS2019)

END.
