#
# There is insufficient memory for the Java Runtime Environment to continue.
# Native memory allocation (malloc) failed to allocate 1695696 bytes. Error detail: Chunk::new
# Possible reasons:
#   The system is out of physical RAM or swap space
#   This process is running with CompressedOops enabled, and the Java Heap may be blocking the growth of the native heap
# Possible solutions:
#   Reduce memory load on the system
#   Increase physical memory or swap space
#   Check if swap backing store is full
#   Decrease Java heap size (-Xmx/-Xms)
#   Decrease number of Java threads
#   Decrease Java thread stack sizes (-Xss)
#   Set larger code cache with -XX:ReservedCodeCacheSize=
#   JVM is running with Unscaled Compressed Oops mode in which the Java heap is
#     placed in the first 4GB address space. The Java Heap base address is the
#     maximum limit for the native heap growth. Please use -XX:HeapBaseMinAddress
#     to set the Java Heap base and to place the Java Heap above 4GB virtual address.
# This output file may be truncated or incomplete.
#
#  Out of Memory Error (arena.cpp:168), pid=21440, tid=20468
#
# JRE version: OpenJDK Runtime Environment (21.0.6) (build 21.0.6+-13368085-b895.109)
# Java VM: OpenJDK 64-Bit Server VM (21.0.6+-13368085-b895.109, mixed mode, tiered, compressed oops, compressed class ptrs, g1 gc, windows-amd64)
# No core dump will be written. Minidumps are not enabled by default on client versions of Windows
#

---------------  S U M M A R Y ------------

Command Line: --add-opens=java.base/java.lang=ALL-UNNAMED --add-opens=java.base/java.lang.invoke=ALL-UNNAMED --add-opens=java.base/java.util=ALL-UNNAMED --add-opens=java.prefs/java.util.prefs=ALL-UNNAMED --add-exports=jdk.compiler/com.sun.tools.javac.api=ALL-UNNAMED --add-exports=jdk.compiler/com.sun.tools.javac.util=ALL-UNNAMED --add-opens=java.base/java.util=ALL-UNNAMED --add-opens=java.prefs/java.util.prefs=ALL-UNNAMED --add-opens=java.base/java.nio.charset=ALL-UNNAMED --add-opens=java.base/java.net=ALL-UNNAMED --add-opens=java.base/java.util.concurrent.atomic=ALL-UNNAMED --add-opens=java.xml/javax.xml.namespace=ALL-UNNAMED -Xmx2048m -Dfile.encoding=UTF-8 -Duser.country=IN -Duser.language=en -Duser.variant -javaagent:C:\Users\vipla\.gradle\wrapper\dists\gradle-8.11.1-bin\bpt9gzteqjrbo1mjrsomdt32c\gradle-8.11.1\lib\agents\gradle-instrumentation-agent-8.11.1.jar org.gradle.launcher.daemon.bootstrap.GradleDaemon 8.11.1

Host: Intel(R) Core(TM) i5-1035G1 CPU @ 1.00GHz, 8 cores, 7G,  Windows 11 , 64 bit Build 26100 (10.0.26100.8115)
Time: Fri Apr 10 02:31:16 2026 India Standard Time elapsed time: 57.917655 seconds (0d 0h 0m 57s)

---------------  T H R E A D  ---------------

Current thread (0x0000021d673b7eb0):  JavaThread "C2 CompilerThread0" daemon [_thread_in_native, id=20468, stack(0x0000003890300000,0x0000003890400000) (1024K)]


Current CompileTask:
C2:57917 9246 %     4       org.gradle.internal.instantiation.generator.AbstractClassGenerator::inspectType @ 107 (560 bytes)

Stack: [0x0000003890300000,0x0000003890400000]
Native frames: (J=compiled Java code, j=interpreted, Vv=VM code, C=native code)
V  [jvm.dll+0x6d0639]
V  [jvm.dll+0x85eb03]
V  [jvm.dll+0x86105e]
V  [jvm.dll+0x861743]
V  [jvm.dll+0x27e6e6]
V  [jvm.dll+0xbff6d]
V  [jvm.dll+0xc04a3]
V  [jvm.dll+0x3b6171]
V  [jvm.dll+0x3820c7]
V  [jvm.dll+0x38153a]
V  [jvm.dll+0x247c82]
V  [jvm.dll+0x247251]
V  [jvm.dll+0x1c5f04]
V  [jvm.dll+0x2569ac]
V  [jvm.dll+0x254ef6]
V  [jvm.dll+0x3f0e96]
V  [jvm.dll+0x806ed8]
V  [jvm.dll+0x6cef0d]
C  [ucrtbase.dll+0x37b0]
C  [KERNEL32.DLL+0x2e8d7]
C  [ntdll.dll+0x8c3fc]


---------------  P R O C E S S  ---------------

Threads class SMR info:
_java_thread_list=0x0000021d70b27c60, length=55, elements={
0x0000021d4d747dc0, 0x0000021d673ae010, 0x0000021d673aea60, 0x0000021d67393980,
0x0000021d673963e0, 0x0000021d67396e30, 0x0000021d67397880, 0x0000021d673b7eb0,
0x0000021d673bba50, 0x0000021d674f82d0, 0x0000021d674f7c40, 0x0000021d674f6200,
0x0000021d674f6f20, 0x0000021d674f8960, 0x0000021d674f54e0, 0x0000021d674f5b70,
0x0000021d674f6890, 0x0000021d674f75b0, 0x0000021d6d44da00, 0x0000021d6d44ac10,
0x0000021d6d44e090, 0x0000021d6d44bfc0, 0x0000021d6d44b930, 0x0000021d6d44c650,
0x0000021d6d44d370, 0x0000021d6d44e720, 0x0000021d6d44b2a0, 0x0000021d6d44edb0,
0x0000021d6d44f440, 0x0000021d6d44fad0, 0x0000021d6d450160, 0x0000021d6d450e80,
0x0000021d6d4507f0, 0x0000021d6d451ba0, 0x0000021d6fbf07c0, 0x0000021d6fbf0130,
0x0000021d6fbeed80, 0x0000021d6fbf0e50, 0x0000021d6fbef410, 0x0000021d6fbf14e0,
0x0000021d6fbefaa0, 0x0000021d6fbee060, 0x0000021d6fbf1b70, 0x0000021d6fbee6f0,
0x0000021d6fbf2200, 0x0000021d6fbf3c40, 0x0000021d6fbf42d0, 0x0000021d6fbf5680,
0x0000021d6fbf4960, 0x0000021d6fbf2f20, 0x0000021d6fbf35b0, 0x0000021d6fbf4ff0,
0x0000021d6fbf2890, 0x0000021d6d33d730, 0x0000021d6d33ddc0
}

Java Threads: ( => current thread )
  0x0000021d4d747dc0 JavaThread "main"                              [_thread_blocked, id=10820, stack(0x000000388f500000,0x000000388f600000) (1024K)]
  0x0000021d673ae010 JavaThread "Reference Handler"          daemon [_thread_blocked, id=22620, stack(0x000000388fd00000,0x000000388fe00000) (1024K)]
  0x0000021d673aea60 JavaThread "Finalizer"                  daemon [_thread_blocked, id=6908, stack(0x000000388fe00000,0x000000388ff00000) (1024K)]
  0x0000021d67393980 JavaThread "Signal Dispatcher"          daemon [_thread_blocked, id=17604, stack(0x000000388ff00000,0x0000003890000000) (1024K)]
  0x0000021d673963e0 JavaThread "Attach Listener"            daemon [_thread_blocked, id=22468, stack(0x0000003890000000,0x0000003890100000) (1024K)]
  0x0000021d67396e30 JavaThread "Service Thread"             daemon [_thread_blocked, id=10344, stack(0x0000003890100000,0x0000003890200000) (1024K)]
  0x0000021d67397880 JavaThread "Monitor Deflation Thread"   daemon [_thread_blocked, id=6532, stack(0x0000003890200000,0x0000003890300000) (1024K)]
=>0x0000021d673b7eb0 JavaThread "C2 CompilerThread0"         daemon [_thread_in_native, id=20468, stack(0x0000003890300000,0x0000003890400000) (1024K)]
  0x0000021d673bba50 JavaThread "C1 CompilerThread0"         daemon [_thread_blocked, id=7312, stack(0x0000003890400000,0x0000003890500000) (1024K)]
  0x0000021d674f82d0 JavaThread "Common-Cleaner"             daemon [_thread_blocked, id=14784, stack(0x0000003890500000,0x0000003890600000) (1024K)]
  0x0000021d674f7c40 JavaThread "Notification Thread"        daemon [_thread_blocked, id=4224, stack(0x0000003890600000,0x0000003890700000) (1024K)]
  0x0000021d674f6200 JavaThread "Daemon health stats"               [_thread_blocked, id=17844, stack(0x0000003890b00000,0x0000003890c00000) (1024K)]
  0x0000021d674f6f20 JavaThread "Incoming local TCP Connector on port 56321"        [_thread_in_native, id=23132, stack(0x0000003890c00000,0x0000003890d00000) (1024K)]
  0x0000021d674f8960 JavaThread "Daemon periodic checks"            [_thread_blocked, id=22172, stack(0x0000003890d00000,0x0000003890e00000) (1024K)]
  0x0000021d674f54e0 JavaThread "Daemon"                            [_thread_blocked, id=18400, stack(0x0000003890e00000,0x0000003890f00000) (1024K)]
  0x0000021d674f5b70 JavaThread "Handler for socket connection from /127.0.0.1:56321 to /127.0.0.1:56322"        [_thread_in_native, id=12688, stack(0x0000003890f00000,0x0000003891000000) (1024K)]
  0x0000021d674f6890 JavaThread "Cancel handler"                    [_thread_blocked, id=21392, stack(0x0000003891000000,0x0000003891100000) (1024K)]
  0x0000021d674f75b0 JavaThread "Daemon worker"                     [_thread_in_native, id=15048, stack(0x0000003891100000,0x0000003891200000) (1024K)]
  0x0000021d6d44da00 JavaThread "Asynchronous log dispatcher for DefaultDaemonConnection: socket connection from /127.0.0.1:56321 to /127.0.0.1:56322"        [_thread_blocked, id=10292, stack(0x0000003891200000,0x0000003891300000) (1024K)]
  0x0000021d6d44ac10 JavaThread "Stdin handler"                     [_thread_blocked, id=19284, stack(0x0000003891300000,0x0000003891400000) (1024K)]
  0x0000021d6d44e090 JavaThread "Daemon client event forwarder"        [_thread_blocked, id=13704, stack(0x0000003891400000,0x0000003891500000) (1024K)]
  0x0000021d6d44bfc0 JavaThread "Cache worker for journal cache (C:\Users\vipla\.gradle\caches\journal-1)"        [_thread_blocked, id=22960, stack(0x0000003891900000,0x0000003891a00000) (1024K)]
  0x0000021d6d44b930 JavaThread "File lock request listener"        [_thread_in_native, id=20924, stack(0x0000003891a00000,0x0000003891b00000) (1024K)]
  0x0000021d6d44c650 JavaThread "Cache worker for file hash cache (C:\Users\vipla\.gradle\caches\8.11.1\fileHashes)"        [_thread_blocked, id=11160, stack(0x0000003891b00000,0x0000003891c00000) (1024K)]
  0x0000021d6d44d370 JavaThread "Cache worker for file content cache (C:\Users\vipla\.gradle\caches\8.11.1\fileContent)"        [_thread_blocked, id=10808, stack(0x0000003891c00000,0x0000003891d00000) (1024K)]
  0x0000021d6d44e720 JavaThread "Cache worker for file hash cache (D:\slotify3\.gradle\8.11.1\fileHashes)"        [_thread_blocked, id=14184, stack(0x0000003891d00000,0x0000003891e00000) (1024K)]
  0x0000021d6d44b2a0 JavaThread "Cache worker for Build Output Cleanup Cache (D:\slotify3\.gradle\buildOutputCleanup)"        [_thread_blocked, id=4924, stack(0x0000003891e00000,0x0000003891f00000) (1024K)]
  0x0000021d6d44edb0 JavaThread "File watcher server"        daemon [_thread_in_native, id=16476, stack(0x0000003891f00000,0x0000003892000000) (1024K)]
  0x0000021d6d44f440 JavaThread "File watcher consumer"      daemon [_thread_blocked, id=15864, stack(0x0000003892000000,0x0000003892100000) (1024K)]
  0x0000021d6d44fad0 JavaThread "Cache worker for checksums cache (D:\slotify3\.gradle\8.11.1\checksums)"        [_thread_blocked, id=14188, stack(0x0000003892100000,0x0000003892200000) (1024K)]
  0x0000021d6d450160 JavaThread "Cache worker for cache directory md-rule (C:\Users\vipla\.gradle\caches\8.11.1\md-rule)"        [_thread_blocked, id=17544, stack(0x0000003892200000,0x0000003892300000) (1024K)]
  0x0000021d6d450e80 JavaThread "Cache worker for cache directory md-supplier (C:\Users\vipla\.gradle\caches\8.11.1\md-supplier)"        [_thread_blocked, id=4756, stack(0x0000003892300000,0x0000003892400000) (1024K)]
  0x0000021d6d4507f0 JavaThread "Unconstrained build operations"        [_thread_blocked, id=2452, stack(0x0000003892400000,0x0000003892500000) (1024K)]
  0x0000021d6d451ba0 JavaThread "Unconstrained build operations Thread 2"        [_thread_blocked, id=12936, stack(0x0000003892500000,0x0000003892600000) (1024K)]
  0x0000021d6fbf07c0 JavaThread "Unconstrained build operations Thread 3"        [_thread_blocked, id=1600, stack(0x0000003892600000,0x0000003892700000) (1024K)]
  0x0000021d6fbf0130 JavaThread "Unconstrained build operations Thread 4"        [_thread_blocked, id=22300, stack(0x0000003892700000,0x0000003892800000) (1024K)]
  0x0000021d6fbeed80 JavaThread "Unconstrained build operations Thread 5"        [_thread_blocked, id=19380, stack(0x0000003892800000,0x0000003892900000) (1024K)]
  0x0000021d6fbf0e50 JavaThread "Unconstrained build operations Thread 6"        [_thread_blocked, id=23312, stack(0x0000003892900000,0x0000003892a00000) (1024K)]
  0x0000021d6fbef410 JavaThread "Unconstrained build operations Thread 7"        [_thread_blocked, id=22044, stack(0x0000003892a00000,0x0000003892b00000) (1024K)]
  0x0000021d6fbf14e0 JavaThread "Unconstrained build operations Thread 8"        [_thread_blocked, id=4244, stack(0x0000003892b00000,0x0000003892c00000) (1024K)]
  0x0000021d6fbefaa0 JavaThread "Unconstrained build operations Thread 9"        [_thread_blocked, id=2804, stack(0x0000003892c00000,0x0000003892d00000) (1024K)]
  0x0000021d6fbee060 JavaThread "Unconstrained build operations Thread 10"        [_thread_blocked, id=8420, stack(0x0000003892d00000,0x0000003892e00000) (1024K)]
  0x0000021d6fbf1b70 JavaThread "Unconstrained build operations Thread 11"        [_thread_blocked, id=11084, stack(0x0000003892e00000,0x0000003892f00000) (1024K)]
  0x0000021d6fbee6f0 JavaThread "Unconstrained build operations Thread 12"        [_thread_blocked, id=13748, stack(0x0000003892f00000,0x0000003893000000) (1024K)]
  0x0000021d6fbf2200 JavaThread "Unconstrained build operations Thread 13"        [_thread_blocked, id=23320, stack(0x0000003893000000,0x0000003893100000) (1024K)]
  0x0000021d6fbf3c40 JavaThread "Unconstrained build operations Thread 14"        [_thread_blocked, id=7540, stack(0x0000003893100000,0x0000003893200000) (1024K)]
  0x0000021d6fbf42d0 JavaThread "Unconstrained build operations Thread 15"        [_thread_blocked, id=23532, stack(0x0000003893300000,0x0000003893400000) (1024K)]
  0x0000021d6fbf5680 JavaThread "Unconstrained build operations Thread 16"        [_thread_blocked, id=12876, stack(0x0000003893400000,0x0000003893500000) (1024K)]
  0x0000021d6fbf4960 JavaThread "Unconstrained build operations Thread 17"        [_thread_blocked, id=21768, stack(0x0000003893500000,0x0000003893600000) (1024K)]
  0x0000021d6fbf2f20 JavaThread "Unconstrained build operations Thread 18"        [_thread_blocked, id=11092, stack(0x0000003893600000,0x0000003893700000) (1024K)]
  0x0000021d6fbf35b0 JavaThread "Unconstrained build operations Thread 19"        [_thread_blocked, id=13892, stack(0x0000003893700000,0x0000003893800000) (1024K)]
  0x0000021d6fbf4ff0 JavaThread "Unconstrained build operations Thread 20"        [_thread_blocked, id=15260, stack(0x0000003893800000,0x0000003893900000) (1024K)]
  0x0000021d6fbf2890 JavaThread "Unconstrained build operations Thread 21"        [_thread_blocked, id=12184, stack(0x0000003893900000,0x0000003893a00000) (1024K)]
  0x0000021d6d33d730 JavaThread "build event listener"              [_thread_blocked, id=22340, stack(0x0000003893a00000,0x0000003893b00000) (1024K)]
  0x0000021d6d33ddc0 JavaThread "Memory manager"                    [_thread_blocked, id=13640, stack(0x0000003893b00000,0x0000003893c00000) (1024K)]
Total: 55

Other Threads:
  0x0000021d6730b990 VMThread "VM Thread"                           [id=8988, stack(0x000000388fc00000,0x000000388fd00000) (1024K)]
  0x0000021d67174490 WatcherThread "VM Periodic Task Thread"        [id=22580, stack(0x000000388fb00000,0x000000388fc00000) (1024K)]
  0x0000021d4fb21ae0 WorkerThread "GC Thread#0"                     [id=15172, stack(0x000000388f600000,0x000000388f700000) (1024K)]
  0x0000021d67895c00 WorkerThread "GC Thread#1"                     [id=15100, stack(0x0000003890700000,0x0000003890800000) (1024K)]
  0x0000021d67b189b0 WorkerThread "GC Thread#2"                     [id=22972, stack(0x0000003890800000,0x0000003890900000) (1024K)]
  0x0000021d6c28a020 WorkerThread "GC Thread#3"                     [id=15708, stack(0x0000003890900000,0x0000003890a00000) (1024K)]
  0x0000021d6c2e2590 WorkerThread "GC Thread#4"                     [id=20116, stack(0x0000003890a00000,0x0000003890b00000) (1024K)]
  0x0000021d6c14c030 WorkerThread "GC Thread#5"                     [id=1056, stack(0x0000003891500000,0x0000003891600000) (1024K)]
  0x0000021d6c5edf10 WorkerThread "GC Thread#6"                     [id=18004, stack(0x0000003891600000,0x0000003891700000) (1024K)]
  0x0000021d6c5ee2b0 WorkerThread "GC Thread#7"                     [id=8680, stack(0x0000003891700000,0x0000003891800000) (1024K)]
  0x0000021d4fb32ca0 ConcurrentGCThread "G1 Main Marker"            [id=23332, stack(0x000000388f700000,0x000000388f800000) (1024K)]
  0x0000021d4fb350d0 WorkerThread "G1 Conc#0"                       [id=10884, stack(0x000000388f800000,0x000000388f900000) (1024K)]
  0x0000021d6c3b9e00 WorkerThread "G1 Conc#1"                       [id=12788, stack(0x0000003891800000,0x0000003891900000) (1024K)]
  0x0000021d67048ab0 ConcurrentGCThread "G1 Refine#0"               [id=7544, stack(0x000000388f900000,0x000000388fa00000) (1024K)]
  0x0000021d6704b3e0 ConcurrentGCThread "G1 Service"                [id=6788, stack(0x000000388fa00000,0x000000388fb00000) (1024K)]
Total: 15

Threads with active compile tasks:
C2 CompilerThread0  58024 9246 %     4       org.gradle.internal.instantiation.generator.AbstractClassGenerator::inspectType @ 107 (560 bytes)
Total: 1

VM state: not at safepoint (normal execution)

VM Mutex/Monitor currently owned by a thread: None

Heap address: 0x0000000080000000, size: 2048 MB, Compressed Oops mode: 32-bit

CDS archive(s) not mapped
Compressed class space mapped at: 0x0000000100000000-0x0000000140000000, reserved size: 1073741824
Narrow klass base: 0x0000000000000000, Narrow klass shift: 3, Narrow klass range: 0x140000000

GC Precious Log:
 CardTable entry size: 512
 Card Set container configuration: InlinePtr #cards 5 size 8 Array Of Cards #cards 12 size 40 Howl #buckets 4 coarsen threshold 1843 Howl Bitmap #cards 512 size 80 coarsen threshold 460 Card regions per heap region 1 cards per card region 2048
 CPUs: 8 total, 8 available
 Memory: 7959M
 Large Page Support: Disabled
 NUMA Support: Disabled
 Compressed Oops: Enabled (32-bit)
 Heap Region Size: 1M
 Heap Min Capacity: 8M
 Heap Initial Capacity: 126M
 Heap Max Capacity: 2G
 Pre-touch: Disabled
 Parallel Workers: 8
 Concurrent Workers: 2
 Concurrent Refinement Workers: 8
 Periodic GC: Disabled

Heap:
 garbage-first heap   total 125952K, used 78850K [0x0000000080000000, 0x0000000100000000)
  region size 1024K, 4 young (4096K), 3 survivors (3072K)
 Metaspace       used 80373K, committed 82240K, reserved 1179648K
  class space    used 10823K, committed 11712K, reserved 1048576K

Heap Regions: E=young(eden), S=young(survivor), O=old, HS=humongous(starts), HC=humongous(continues), CS=collection set, F=free, TAMS=top-at-mark-start, PB=parsable bottom
|   0|0x0000000080000000, 0x0000000080100000, 0x0000000080100000|100%| O|  |TAMS 0x0000000080100000| PB 0x0000000080000000| Untracked 
|   1|0x0000000080100000, 0x0000000080200000, 0x0000000080200000|100%|HS|  |TAMS 0x0000000080200000| PB 0x0000000080100000| Complete 
|   2|0x0000000080200000, 0x0000000080300000, 0x0000000080300000|100%|HC|  |TAMS 0x0000000080300000| PB 0x0000000080200000| Complete 
|   3|0x0000000080300000, 0x0000000080400000, 0x0000000080400000|100%|HC|  |TAMS 0x0000000080400000| PB 0x0000000080300000| Complete 
|   4|0x0000000080400000, 0x0000000080500000, 0x0000000080500000|100%| O|  |TAMS 0x0000000080500000| PB 0x0000000080400000| Untracked 
|   5|0x0000000080500000, 0x0000000080600000, 0x0000000080600000|100%| O|  |TAMS 0x0000000080600000| PB 0x0000000080500000| Untracked 
|   6|0x0000000080600000, 0x0000000080700000, 0x0000000080700000|100%| O|  |TAMS 0x0000000080700000| PB 0x0000000080600000| Untracked 
|   7|0x0000000080700000, 0x0000000080800000, 0x0000000080800000|100%|HS|  |TAMS 0x0000000080800000| PB 0x0000000080700000| Complete 
|   8|0x0000000080800000, 0x0000000080900000, 0x0000000080900000|100%| O|  |TAMS 0x0000000080900000| PB 0x0000000080800000| Untracked 
|   9|0x0000000080900000, 0x0000000080a00000, 0x0000000080a00000|100%| O|  |TAMS 0x0000000080a00000| PB 0x0000000080900000| Untracked 
|  10|0x0000000080a00000, 0x0000000080b00000, 0x0000000080b00000|100%| O|  |TAMS 0x0000000080b00000| PB 0x0000000080a00000| Untracked 
|  11|0x0000000080b00000, 0x0000000080c00000, 0x0000000080c00000|100%| O|  |TAMS 0x0000000080c00000| PB 0x0000000080b00000| Untracked 
|  12|0x0000000080c00000, 0x0000000080d00000, 0x0000000080d00000|100%| O|  |TAMS 0x0000000080d00000| PB 0x0000000080c00000| Untracked 
|  13|0x0000000080d00000, 0x0000000080e00000, 0x0000000080e00000|100%| O|  |TAMS 0x0000000080e00000| PB 0x0000000080d00000| Untracked 
|  14|0x0000000080e00000, 0x0000000080f00000, 0x0000000080f00000|100%| O|  |TAMS 0x0000000080f00000| PB 0x0000000080e00000| Untracked 
|  15|0x0000000080f00000, 0x0000000081000000, 0x0000000081000000|100%| O|  |TAMS 0x0000000081000000| PB 0x0000000080f00000| Untracked 
|  16|0x0000000081000000, 0x0000000081100000, 0x0000000081100000|100%| O|  |TAMS 0x0000000081100000| PB 0x0000000081000000| Untracked 
|  17|0x0000000081100000, 0x0000000081200000, 0x0000000081200000|100%| O|  |TAMS 0x0000000081200000| PB 0x0000000081100000| Untracked 
|  18|0x0000000081200000, 0x0000000081300000, 0x0000000081300000|100%| O|  |TAMS 0x0000000081300000| PB 0x0000000081200000| Untracked 
|  19|0x0000000081300000, 0x0000000081400000, 0x0000000081400000|100%| O|  |TAMS 0x0000000081400000| PB 0x0000000081300000| Untracked 
|  20|0x0000000081400000, 0x0000000081500000, 0x0000000081500000|100%| O|  |TAMS 0x0000000081500000| PB 0x0000000081400000| Untracked 
|  21|0x0000000081500000, 0x0000000081600000, 0x0000000081600000|100%| O|  |TAMS 0x0000000081600000| PB 0x0000000081500000| Untracked 
|  22|0x0000000081600000, 0x0000000081700000, 0x0000000081700000|100%| O|  |TAMS 0x0000000081700000| PB 0x0000000081600000| Untracked 
|  23|0x0000000081700000, 0x0000000081800000, 0x0000000081800000|100%| O|  |TAMS 0x0000000081800000| PB 0x0000000081700000| Untracked 
|  24|0x0000000081800000, 0x0000000081900000, 0x0000000081900000|100%| O|  |TAMS 0x0000000081900000| PB 0x0000000081800000| Untracked 
|  25|0x0000000081900000, 0x0000000081a00000, 0x0000000081a00000|100%| O|  |TAMS 0x0000000081a00000| PB 0x0000000081900000| Untracked 
|  26|0x0000000081a00000, 0x0000000081b00000, 0x0000000081b00000|100%| O|  |TAMS 0x0000000081b00000| PB 0x0000000081a00000| Untracked 
|  27|0x0000000081b00000, 0x0000000081c00000, 0x0000000081c00000|100%| O|  |TAMS 0x0000000081c00000| PB 0x0000000081b00000| Untracked 
|  28|0x0000000081c00000, 0x0000000081d00000, 0x0000000081d00000|100%| O|  |TAMS 0x0000000081c00000| PB 0x0000000081c00000| Untracked 
|  29|0x0000000081d00000, 0x0000000081e00000, 0x0000000081e00000|100%| O|  |TAMS 0x0000000081e00000| PB 0x0000000081d00000| Untracked 
|  30|0x0000000081e00000, 0x0000000081f00000, 0x0000000081f00000|100%| O|  |TAMS 0x0000000081f00000| PB 0x0000000081e00000| Untracked 
|  31|0x0000000081f00000, 0x0000000082000000, 0x0000000082000000|100%| O|  |TAMS 0x0000000082000000| PB 0x0000000081f00000| Untracked 
|  32|0x0000000082000000, 0x0000000082100000, 0x0000000082100000|100%| O|  |TAMS 0x0000000082100000| PB 0x0000000082000000| Untracked 
|  33|0x0000000082100000, 0x0000000082200000, 0x0000000082200000|100%| O|  |TAMS 0x0000000082200000| PB 0x0000000082100000| Untracked 
|  34|0x0000000082200000, 0x0000000082300000, 0x0000000082300000|100%| O|  |TAMS 0x0000000082300000| PB 0x0000000082200000| Untracked 
|  35|0x0000000082300000, 0x0000000082400000, 0x0000000082400000|100%| O|  |TAMS 0x0000000082400000| PB 0x0000000082300000| Untracked 
|  36|0x0000000082400000, 0x0000000082500000, 0x0000000082500000|100%|HS|  |TAMS 0x0000000082500000| PB 0x0000000082400000| Complete 
|  37|0x0000000082500000, 0x0000000082600000, 0x0000000082600000|100%|HS|  |TAMS 0x0000000082600000| PB 0x0000000082500000| Complete 
|  38|0x0000000082600000, 0x0000000082700000, 0x0000000082700000|100%|HS|  |TAMS 0x0000000082700000| PB 0x0000000082600000| Complete 
|  39|0x0000000082700000, 0x0000000082800000, 0x0000000082800000|100%| O|  |TAMS 0x0000000082800000| PB 0x0000000082700000| Untracked 
|  40|0x0000000082800000, 0x0000000082900000, 0x0000000082900000|100%| O|  |TAMS 0x0000000082900000| PB 0x0000000082800000| Untracked 
|  41|0x0000000082900000, 0x0000000082a00000, 0x0000000082a00000|100%| O|  |TAMS 0x0000000082a00000| PB 0x0000000082900000| Untracked 
|  42|0x0000000082a00000, 0x0000000082b00000, 0x0000000082b00000|100%| O|  |TAMS 0x0000000082b00000| PB 0x0000000082a00000| Untracked 
|  43|0x0000000082b00000, 0x0000000082c00000, 0x0000000082c00000|100%| O|  |TAMS 0x0000000082c00000| PB 0x0000000082b00000| Untracked 
|  44|0x0000000082c00000, 0x0000000082d00000, 0x0000000082d00000|100%| O|  |TAMS 0x0000000082d00000| PB 0x0000000082c00000| Untracked 
|  45|0x0000000082d00000, 0x0000000082e00000, 0x0000000082e00000|100%| O|  |TAMS 0x0000000082e00000| PB 0x0000000082d00000| Untracked 
|  46|0x0000000082e00000, 0x0000000082f00000, 0x0000000082f00000|100%|HS|  |TAMS 0x0000000082f00000| PB 0x0000000082e00000| Complete 
|  47|0x0000000082f00000, 0x0000000083000000, 0x0000000083000000|100%|HC|  |TAMS 0x0000000083000000| PB 0x0000000082f00000| Complete 
|  48|0x0000000083000000, 0x0000000083100000, 0x0000000083100000|100%|HS|  |TAMS 0x0000000083100000| PB 0x0000000083000000| Complete 
|  49|0x0000000083100000, 0x0000000083200000, 0x0000000083200000|100%|HC|  |TAMS 0x0000000083200000| PB 0x0000000083100000| Complete 
|  50|0x0000000083200000, 0x0000000083300000, 0x0000000083300000|100%| O|  |TAMS 0x0000000083300000| PB 0x0000000083200000| Untracked 
|  51|0x0000000083300000, 0x0000000083400000, 0x0000000083400000|100%| O|  |TAMS 0x0000000083400000| PB 0x0000000083300000| Untracked 
|  52|0x0000000083400000, 0x0000000083500000, 0x0000000083500000|100%| O|  |TAMS 0x0000000083400000| PB 0x0000000083400000| Untracked 
|  53|0x0000000083500000, 0x0000000083600000, 0x0000000083600000|100%|HS|  |TAMS 0x0000000083600000| PB 0x0000000083500000| Complete 
|  54|0x0000000083600000, 0x0000000083700000, 0x0000000083700000|100%|HC|  |TAMS 0x0000000083700000| PB 0x0000000083600000| Complete 
|  55|0x0000000083700000, 0x0000000083800000, 0x0000000083800000|100%|HC|  |TAMS 0x0000000083800000| PB 0x0000000083700000| Complete 
|  56|0x0000000083800000, 0x0000000083900000, 0x0000000083900000|100%|HC|  |TAMS 0x0000000083900000| PB 0x0000000083800000| Complete 
|  57|0x0000000083900000, 0x0000000083a00000, 0x0000000083a00000|100%|HS|  |TAMS 0x0000000083a00000| PB 0x0000000083900000| Complete 
|  58|0x0000000083a00000, 0x0000000083b00000, 0x0000000083b00000|100%|HS|  |TAMS 0x0000000083b00000| PB 0x0000000083a00000| Complete 
|  59|0x0000000083b00000, 0x0000000083c00000, 0x0000000083c00000|100%| O|  |TAMS 0x0000000083b00000| PB 0x0000000083b00000| Untracked 
|  60|0x0000000083c00000, 0x0000000083d00000, 0x0000000083d00000|100%| O|  |TAMS 0x0000000083c00000| PB 0x0000000083c00000| Untracked 
|  61|0x0000000083d00000, 0x0000000083da0e90, 0x0000000083e00000| 62%| O|  |TAMS 0x0000000083d00000| PB 0x0000000083d00000| Untracked 
|  62|0x0000000083e00000, 0x0000000083e00000, 0x0000000083f00000|  0%| F|  |TAMS 0x0000000083e00000| PB 0x0000000083e00000| Untracked 
|  63|0x0000000083f00000, 0x0000000083f00000, 0x0000000084000000|  0%| F|  |TAMS 0x0000000083f00000| PB 0x0000000083f00000| Untracked 
|  64|0x0000000084000000, 0x0000000084100000, 0x0000000084100000|100%| O|  |TAMS 0x0000000084100000| PB 0x0000000084000000| Untracked 
|  65|0x0000000084100000, 0x0000000084100000, 0x0000000084200000|  0%| F|  |TAMS 0x0000000084100000| PB 0x0000000084100000| Untracked 
|  66|0x0000000084200000, 0x0000000084200000, 0x0000000084300000|  0%| F|  |TAMS 0x0000000084200000| PB 0x0000000084200000| Untracked 
|  67|0x0000000084300000, 0x0000000084300000, 0x0000000084400000|  0%| F|  |TAMS 0x0000000084300000| PB 0x0000000084300000| Untracked 
|  68|0x0000000084400000, 0x0000000084400000, 0x0000000084500000|  0%| F|  |TAMS 0x0000000084400000| PB 0x0000000084400000| Untracked 
|  69|0x0000000084500000, 0x0000000084500000, 0x0000000084600000|  0%| F|  |TAMS 0x0000000084500000| PB 0x0000000084500000| Untracked 
|  70|0x0000000084600000, 0x000000008465fc50, 0x0000000084700000| 37%| S|CS|TAMS 0x0000000084600000| PB 0x0000000084600000| Complete 
|  71|0x0000000084700000, 0x0000000084800000, 0x0000000084800000|100%| S|CS|TAMS 0x0000000084700000| PB 0x0000000084700000| Complete 
|  72|0x0000000084800000, 0x0000000084900000, 0x0000000084900000|100%| S|CS|TAMS 0x0000000084800000| PB 0x0000000084800000| Complete 
|  73|0x0000000084900000, 0x0000000084900000, 0x0000000084a00000|  0%| F|  |TAMS 0x0000000084900000| PB 0x0000000084900000| Untracked 
|  74|0x0000000084a00000, 0x0000000084a00000, 0x0000000084b00000|  0%| F|  |TAMS 0x0000000084a00000| PB 0x0000000084a00000| Untracked 
|  75|0x0000000084b00000, 0x0000000084b00000, 0x0000000084c00000|  0%| F|  |TAMS 0x0000000084b00000| PB 0x0000000084b00000| Untracked 
|  76|0x0000000084c00000, 0x0000000084c00000, 0x0000000084d00000|  0%| F|  |TAMS 0x0000000084c00000| PB 0x0000000084c00000| Untracked 
|  77|0x0000000084d00000, 0x0000000084d00000, 0x0000000084e00000|  0%| F|  |TAMS 0x0000000084d00000| PB 0x0000000084d00000| Untracked 
|  78|0x0000000084e00000, 0x0000000084e00000, 0x0000000084f00000|  0%| F|  |TAMS 0x0000000084e00000| PB 0x0000000084e00000| Untracked 
|  79|0x0000000084f00000, 0x0000000084f00000, 0x0000000085000000|  0%| F|  |TAMS 0x0000000084f00000| PB 0x0000000084f00000| Untracked 
|  80|0x0000000085000000, 0x0000000085000000, 0x0000000085100000|  0%| F|  |TAMS 0x0000000085000000| PB 0x0000000085000000| Untracked 
|  81|0x0000000085100000, 0x0000000085100000, 0x0000000085200000|  0%| F|  |TAMS 0x0000000085100000| PB 0x0000000085100000| Untracked 
|  82|0x0000000085200000, 0x0000000085200000, 0x0000000085300000|  0%| F|  |TAMS 0x0000000085200000| PB 0x0000000085200000| Untracked 
|  83|0x0000000085300000, 0x0000000085300000, 0x0000000085400000|  0%| F|  |TAMS 0x0000000085300000| PB 0x0000000085300000| Untracked 
|  84|0x0000000085400000, 0x0000000085400000, 0x0000000085500000|  0%| F|  |TAMS 0x0000000085400000| PB 0x0000000085400000| Untracked 
|  85|0x0000000085500000, 0x0000000085500000, 0x0000000085600000|  0%| F|  |TAMS 0x0000000085500000| PB 0x0000000085500000| Untracked 
|  86|0x0000000085600000, 0x0000000085600000, 0x0000000085700000|  0%| F|  |TAMS 0x0000000085600000| PB 0x0000000085600000| Untracked 
|  87|0x0000000085700000, 0x0000000085700000, 0x0000000085800000|  0%| F|  |TAMS 0x0000000085700000| PB 0x0000000085700000| Untracked 
|  88|0x0000000085800000, 0x0000000085800000, 0x0000000085900000|  0%| F|  |TAMS 0x0000000085800000| PB 0x0000000085800000| Untracked 
|  89|0x0000000085900000, 0x0000000085900000, 0x0000000085a00000|  0%| F|  |TAMS 0x0000000085900000| PB 0x0000000085900000| Untracked 
|  90|0x0000000085a00000, 0x0000000085a00000, 0x0000000085b00000|  0%| F|  |TAMS 0x0000000085a00000| PB 0x0000000085a00000| Untracked 
|  91|0x0000000085b00000, 0x0000000085b00000, 0x0000000085c00000|  0%| F|  |TAMS 0x0000000085b00000| PB 0x0000000085b00000| Untracked 
|  92|0x0000000085c00000, 0x0000000085c00000, 0x0000000085d00000|  0%| F|  |TAMS 0x0000000085c00000| PB 0x0000000085c00000| Untracked 
|  93|0x0000000085d00000, 0x0000000085d00000, 0x0000000085e00000|  0%| F|  |TAMS 0x0000000085d00000| PB 0x0000000085d00000| Untracked 
|  94|0x0000000085e00000, 0x0000000085e00000, 0x0000000085f00000|  0%| F|  |TAMS 0x0000000085e00000| PB 0x0000000085e00000| Untracked 
|  95|0x0000000085f00000, 0x0000000085f00000, 0x0000000086000000|  0%| F|  |TAMS 0x0000000085f00000| PB 0x0000000085f00000| Untracked 
|  96|0x0000000086000000, 0x0000000086000000, 0x0000000086100000|  0%| F|  |TAMS 0x0000000086000000| PB 0x0000000086000000| Untracked 
|  97|0x0000000086100000, 0x0000000086100000, 0x0000000086200000|  0%| F|  |TAMS 0x0000000086100000| PB 0x0000000086100000| Untracked 
|  98|0x0000000086200000, 0x0000000086200000, 0x0000000086300000|  0%| F|  |TAMS 0x0000000086200000| PB 0x0000000086200000| Untracked 
|  99|0x0000000086300000, 0x0000000086300000, 0x0000000086400000|  0%| F|  |TAMS 0x0000000086300000| PB 0x0000000086300000| Untracked 
| 100|0x0000000086400000, 0x0000000086400000, 0x0000000086500000|  0%| F|  |TAMS 0x0000000086400000| PB 0x0000000086400000| Untracked 
| 101|0x0000000086500000, 0x0000000086500000, 0x0000000086600000|  0%| F|  |TAMS 0x0000000086500000| PB 0x0000000086500000| Untracked 
| 102|0x0000000086600000, 0x0000000086600000, 0x0000000086700000|  0%| F|  |TAMS 0x0000000086600000| PB 0x0000000086600000| Untracked 
| 103|0x0000000086700000, 0x0000000086700000, 0x0000000086800000|  0%| F|  |TAMS 0x0000000086700000| PB 0x0000000086700000| Untracked 
| 104|0x0000000086800000, 0x0000000086800000, 0x0000000086900000|  0%| F|  |TAMS 0x0000000086800000| PB 0x0000000086800000| Untracked 
| 105|0x0000000086900000, 0x0000000086900000, 0x0000000086a00000|  0%| F|  |TAMS 0x0000000086900000| PB 0x0000000086900000| Untracked 
| 106|0x0000000086a00000, 0x0000000086a00000, 0x0000000086b00000|  0%| F|  |TAMS 0x0000000086a00000| PB 0x0000000086a00000| Untracked 
| 107|0x0000000086b00000, 0x0000000086b00000, 0x0000000086c00000|  0%| F|  |TAMS 0x0000000086b00000| PB 0x0000000086b00000| Untracked 
| 108|0x0000000086c00000, 0x0000000086c00000, 0x0000000086d00000|  0%| F|  |TAMS 0x0000000086c00000| PB 0x0000000086c00000| Untracked 
| 125|0x0000000087d00000, 0x0000000087d00000, 0x0000000087e00000|  0%| F|  |TAMS 0x0000000087d00000| PB 0x0000000087d00000| Untracked 
|2035|0x00000000ff300000, 0x00000000ff400000, 0x00000000ff400000|100%| O|  |TAMS 0x00000000ff371568| PB 0x00000000ff300000| Untracked 
|2036|0x00000000ff400000, 0x00000000ff500000, 0x00000000ff500000|100%| E|  |TAMS 0x00000000ff400000| PB 0x00000000ff400000| Complete 
|2037|0x00000000ff500000, 0x00000000ff600000, 0x00000000ff600000|100%| O|  |TAMS 0x00000000ff600000| PB 0x00000000ff500000| Untracked 
|2038|0x00000000ff600000, 0x00000000ff700000, 0x00000000ff700000|100%| O|  |TAMS 0x00000000ff700000| PB 0x00000000ff600000| Untracked 
|2039|0x00000000ff700000, 0x00000000ff800000, 0x00000000ff800000|100%| O|  |TAMS 0x00000000ff800000| PB 0x00000000ff700000| Untracked 
|2040|0x00000000ff800000, 0x00000000ff900000, 0x00000000ff900000|100%| O|  |TAMS 0x00000000ff900000| PB 0x00000000ff800000| Untracked 
|2041|0x00000000ff900000, 0x00000000ffa00000, 0x00000000ffa00000|100%| O|  |TAMS 0x00000000ffa00000| PB 0x00000000ff900000| Untracked 
|2042|0x00000000ffa00000, 0x00000000ffb00000, 0x00000000ffb00000|100%| O|  |TAMS 0x00000000ffb00000| PB 0x00000000ffa00000| Untracked 
|2043|0x00000000ffb00000, 0x00000000ffc00000, 0x00000000ffc00000|100%| O|  |TAMS 0x00000000ffc00000| PB 0x00000000ffb00000| Untracked 
|2044|0x00000000ffc00000, 0x00000000ffd00000, 0x00000000ffd00000|100%| O|  |TAMS 0x00000000ffd00000| PB 0x00000000ffc00000| Untracked 
|2045|0x00000000ffd00000, 0x00000000ffe00000, 0x00000000ffe00000|100%| O|  |TAMS 0x00000000ffe00000| PB 0x00000000ffd00000| Untracked 
|2046|0x00000000ffe00000, 0x00000000fff00000, 0x00000000fff00000|100%| O|  |TAMS 0x00000000fff00000| PB 0x00000000ffe00000| Untracked 
|2047|0x00000000fff00000, 0x0000000100000000, 0x0000000100000000|100%| O|  |TAMS 0x0000000100000000| PB 0x00000000fff00000| Untracked 

Card table byte_map: [0x0000021d62350000,0x0000021d62750000] _byte_map_base: 0x0000021d61f50000

Marking Bits: (CMBitMap*) 0x0000021d4fb220f0
 Bits: [0x0000021d62750000, 0x0000021d64750000)

Polling page: 0x0000021d4db90000

Metaspace:

Usage:
  Non-class:     67.93 MB used.
      Class:     10.57 MB used.
       Both:     78.50 MB used.

Virtual space:
  Non-class space:      128.00 MB reserved,      68.88 MB ( 54%) committed,  2 nodes.
      Class space:        1.00 GB reserved,      11.44 MB (  1%) committed,  1 nodes.
             Both:        1.12 GB reserved,      80.31 MB (  7%) committed. 

Chunk freelists:
   Non-Class:  10.20 MB
       Class:  4.58 MB
        Both:  14.78 MB

MaxMetaspaceSize: unlimited
CompressedClassSpaceSize: 1.00 GB
Initial GC threshold: 21.00 MB
Current GC threshold: 119.19 MB
CDS: off
 - commit_granule_bytes: 65536.
 - commit_granule_words: 8192.
 - virtual_space_node_default_size: 8388608.
 - enlarge_chunks_in_place: 1.
 - use_allocation_guard: 0.


Internal statistics:

num_allocs_failed_limit: 9.
num_arena_births: 3506.
num_arena_deaths: 0.
num_vsnodes_births: 3.
num_vsnodes_deaths: 0.
num_space_committed: 1285.
num_space_uncommitted: 0.
num_chunks_returned_to_freelist: 9.
num_chunks_taken_from_freelist: 6838.
num_chunk_merges: 9.
num_chunk_splits: 4440.
num_chunks_enlarged: 2763.
num_inconsistent_stats: 0.

CodeHeap 'non-profiled nmethods': size=120000Kb used=4485Kb max_used=4485Kb free=115514Kb
 bounds [0x0000021d5a6f0000, 0x0000021d5ab60000, 0x0000021d61c20000]
CodeHeap 'profiled nmethods': size=120000Kb used=14725Kb max_used=14725Kb free=105275Kb
 bounds [0x0000021d52c20000, 0x0000021d53a90000, 0x0000021d5a150000]
CodeHeap 'non-nmethods': size=5760Kb used=2239Kb max_used=2282Kb free=3520Kb
 bounds [0x0000021d5a150000, 0x0000021d5a3c0000, 0x0000021d5a6f0000]
 total_blobs=8846 nmethods=8056 adapters=692
 compilation: enabled
              stopped_count=0, restarted_count=0
 full_count=0

Compilation events (20 events):
Event: 56.512 Thread 0x0000021d673bba50 9264       3       org.gradle.internal.instantiation.generator.AbstractClassGenerator::visitFields (44 bytes)
Event: 56.513 Thread 0x0000021d673bba50 nmethod 9264 0x0000021d53a80990 code [0x0000021d53a80ba0, 0x0000021d53a81198]
Event: 56.514 Thread 0x0000021d673bba50 9265       3       java.lang.invoke.MethodHandles$Lookup::newLookup (15 bytes)
Event: 56.514 Thread 0x0000021d673bba50 nmethod 9265 0x0000021d53a81390 code [0x0000021d53a81540, 0x0000021d53a81718]
Event: 56.516 Thread 0x0000021d673bba50 9266       3       com.google.common.collect.Ordering::<init> (5 bytes)
Event: 56.516 Thread 0x0000021d673bba50 nmethod 9266 0x0000021d53a81810 code [0x0000021d53a819c0, 0x0000021d53a81b28]
Event: 56.532 Thread 0x0000021d673bba50 9267       3       java.lang.invoke.MethodHandles$Lookup::defineClass (40 bytes)
Event: 56.533 Thread 0x0000021d673bba50 nmethod 9267 0x0000021d53a81c10 code [0x0000021d53a81e20, 0x0000021d53a82378]
Event: 56.533 Thread 0x0000021d673bba50 9268       3       java.lang.invoke.MethodHandles$Lookup::makeClassDefiner (26 bytes)
Event: 56.533 Thread 0x0000021d673bba50 nmethod 9268 0x0000021d53a82590 code [0x0000021d53a82760, 0x0000021d53a82a08]
Event: 56.533 Thread 0x0000021d673bba50 9269       3       java.lang.invoke.MethodHandles$Lookup$ClassFile::newInstance (80 bytes)
Event: 56.535 Thread 0x0000021d673bba50 nmethod 9269 0x0000021d53a82b90 code [0x0000021d53a82e60, 0x0000021d53a83948]
Event: 56.535 Thread 0x0000021d673bba50 9270       3       java.lang.invoke.MethodHandles$Lookup::defaultDumper (4 bytes)
Event: 56.536 Thread 0x0000021d673bba50 nmethod 9270 0x0000021d534d8e90 code [0x0000021d534d9020, 0x0000021d534d9118]
Event: 56.543 Thread 0x0000021d673bba50 9271       3       com.google.common.collect.Ordering::from (23 bytes)
Event: 56.543 Thread 0x0000021d673bba50 nmethod 9271 0x0000021d53a83e90 code [0x0000021d53a840a0, 0x0000021d53a847c8]
Event: 56.577 Thread 0x0000021d673bba50 9272       3       java.lang.invoke.LambdaForm$DMH/0x00000001001c3400::invokeInterface (25 bytes)
Event: 56.578 Thread 0x0000021d673bba50 nmethod 9272 0x0000021d53a84990 code [0x0000021d53a84b80, 0x0000021d53a852c0]
Event: 56.606 Thread 0x0000021d673bba50 9275       3       org.gradle.internal.event.AbstractBroadcastDispatch::<init> (10 bytes)
Event: 56.607 Thread 0x0000021d673bba50 nmethod 9275 0x0000021d53a85410 code [0x0000021d53a855c0, 0x0000021d53a85778]

GC Heap History (20 events):
Event: 34.970 GC heap before
{Heap before GC invocations=12 (full 0):
 garbage-first heap   total 101376K, used 75357K [0x0000000080000000, 0x0000000100000000)
  region size 1024K, 47 young (48128K), 7 survivors (7168K)
 Metaspace       used 58920K, committed 60416K, reserved 1114112K
  class space    used 7940K, committed 8704K, reserved 1048576K
}
Event: 34.995 GC heap after
{Heap after GC invocations=13 (full 0):
 garbage-first heap   total 101376K, used 37644K [0x0000000080000000, 0x0000000100000000)
  region size 1024K, 6 young (6144K), 6 survivors (6144K)
 Metaspace       used 58920K, committed 60416K, reserved 1114112K
  class space    used 7940K, committed 8704K, reserved 1048576K
}
Event: 41.088 GC heap before
{Heap before GC invocations=14 (full 0):
 garbage-first heap   total 101376K, used 87820K [0x0000000080000000, 0x0000000100000000)
  region size 1024K, 55 young (56320K), 6 survivors (6144K)
 Metaspace       used 64881K, committed 66496K, reserved 1114112K
  class space    used 8865K, committed 9664K, reserved 1048576K
}
Event: 41.119 GC heap after
{Heap after GC invocations=15 (full 0):
 garbage-first heap   total 101376K, used 42478K [0x0000000080000000, 0x0000000100000000)
  region size 1024K, 7 young (7168K), 7 survivors (7168K)
 Metaspace       used 64881K, committed 66496K, reserved 1114112K
  class space    used 8865K, committed 9664K, reserved 1048576K
}
Event: 44.633 GC heap before
{Heap before GC invocations=15 (full 0):
 garbage-first heap   total 101376K, used 86510K [0x0000000080000000, 0x0000000100000000)
  region size 1024K, 51 young (52224K), 7 survivors (7168K)
 Metaspace       used 66060K, committed 67776K, reserved 1114112K
  class space    used 8970K, committed 9792K, reserved 1048576K
}
Event: 44.652 GC heap after
{Heap after GC invocations=16 (full 0):
 garbage-first heap   total 101376K, used 47317K [0x0000000080000000, 0x0000000100000000)
  region size 1024K, 7 young (7168K), 7 survivors (7168K)
 Metaspace       used 66060K, committed 67776K, reserved 1114112K
  class space    used 8970K, committed 9792K, reserved 1048576K
}
Event: 46.362 GC heap before
{Heap before GC invocations=16 (full 0):
 garbage-first heap   total 101376K, used 86229K [0x0000000080000000, 0x0000000100000000)
  region size 1024K, 46 young (47104K), 7 survivors (7168K)
 Metaspace       used 66457K, committed 68160K, reserved 1114112K
  class space    used 8998K, committed 9856K, reserved 1048576K
}
Event: 46.371 GC heap after
{Heap after GC invocations=17 (full 0):
 garbage-first heap   total 101376K, used 48128K [0x0000000080000000, 0x0000000100000000)
  region size 1024K, 4 young (4096K), 4 survivors (4096K)
 Metaspace       used 66457K, committed 68160K, reserved 1114112K
  class space    used 8998K, committed 9856K, reserved 1048576K
}
Event: 47.174 GC heap before
{Heap before GC invocations=17 (full 0):
 garbage-first heap   total 101376K, used 88064K [0x0000000080000000, 0x0000000100000000)
  region size 1024K, 44 young (45056K), 4 survivors (4096K)
 Metaspace       used 66520K, committed 68224K, reserved 1114112K
  class space    used 8998K, committed 9856K, reserved 1048576K
}
Event: 47.186 GC heap after
{Heap after GC invocations=18 (full 0):
 garbage-first heap   total 101376K, used 48869K [0x0000000080000000, 0x0000000100000000)
  region size 1024K, 4 young (4096K), 4 survivors (4096K)
 Metaspace       used 66520K, committed 68224K, reserved 1114112K
  class space    used 8998K, committed 9856K, reserved 1048576K
}
Event: 48.319 GC heap before
{Heap before GC invocations=19 (full 0):
 garbage-first heap   total 101376K, used 89829K [0x0000000080000000, 0x0000000100000000)
  region size 1024K, 45 young (46080K), 4 survivors (4096K)
 Metaspace       used 66580K, committed 68288K, reserved 1114112K
  class space    used 9012K, committed 9856K, reserved 1048576K
}
Event: 48.326 GC heap after
{Heap after GC invocations=20 (full 0):
 garbage-first heap   total 101376K, used 50277K [0x0000000080000000, 0x0000000100000000)
  region size 1024K, 5 young (5120K), 5 survivors (5120K)
 Metaspace       used 66580K, committed 68288K, reserved 1114112K
  class space    used 9012K, committed 9856K, reserved 1048576K
}
Event: 50.480 GC heap before
{Heap before GC invocations=20 (full 0):
 garbage-first heap   total 101376K, used 99429K [0x0000000080000000, 0x0000000100000000)
  region size 1024K, 40 young (40960K), 5 survivors (5120K)
 Metaspace       used 68441K, committed 70144K, reserved 1114112K
  class space    used 9278K, committed 10112K, reserved 1048576K
}
Event: 50.499 GC heap after
{Heap after GC invocations=21 (full 0):
 garbage-first heap   total 114688K, used 71087K [0x0000000080000000, 0x0000000100000000)
  region size 1024K, 6 young (6144K), 6 survivors (6144K)
 Metaspace       used 68441K, committed 70144K, reserved 1114112K
  class space    used 9278K, committed 10112K, reserved 1048576K
}
Event: 51.792 GC heap before
{Heap before GC invocations=21 (full 0):
 garbage-first heap   total 114688K, used 99759K [0x0000000080000000, 0x0000000100000000)
  region size 1024K, 35 young (35840K), 6 survivors (6144K)
 Metaspace       used 71164K, committed 72960K, reserved 1114112K
  class space    used 9606K, committed 10496K, reserved 1048576K
}
Event: 51.801 GC heap after
{Heap after GC invocations=22 (full 0):
 garbage-first heap   total 114688K, used 72111K [0x0000000080000000, 0x0000000100000000)
  region size 1024K, 2 young (2048K), 2 survivors (2048K)
 Metaspace       used 71164K, committed 72960K, reserved 1114112K
  class space    used 9606K, committed 10496K, reserved 1048576K
}
Event: 52.730 GC heap before
{Heap before GC invocations=23 (full 0):
 garbage-first heap   total 122880K, used 101807K [0x0000000080000000, 0x0000000100000000)
  region size 1024K, 31 young (31744K), 2 survivors (2048K)
 Metaspace       used 74428K, committed 76288K, reserved 1179648K
  class space    used 10047K, committed 10944K, reserved 1048576K
}
Event: 52.733 GC heap after
{Heap after GC invocations=24 (full 0):
 garbage-first heap   total 122880K, used 73022K [0x0000000080000000, 0x0000000100000000)
  region size 1024K, 2 young (2048K), 2 survivors (2048K)
 Metaspace       used 74428K, committed 76288K, reserved 1179648K
  class space    used 10047K, committed 10944K, reserved 1048576K
}
Event: 54.155 GC heap before
{Heap before GC invocations=24 (full 0):
 garbage-first heap   total 122880K, used 117054K [0x0000000080000000, 0x0000000100000000)
  region size 1024K, 40 young (40960K), 2 survivors (2048K)
 Metaspace       used 77449K, committed 79360K, reserved 1179648K
  class space    used 10462K, committed 11392K, reserved 1048576K
}
Event: 54.166 GC heap after
{Heap after GC invocations=25 (full 0):
 garbage-first heap   total 125952K, used 76229K [0x0000000080000000, 0x0000000100000000)
  region size 1024K, 5 young (5120K), 5 survivors (5120K)
 Metaspace       used 77449K, committed 79360K, reserved 1179648K
  class space    used 10462K, committed 11392K, reserved 1048576K
}

Dll operation events (3 events):
Event: 0.057 Loaded shared library D:\Android Studio\jbr\bin\java.dll
Event: 0.075 Loaded shared library D:\Android Studio\jbr\bin\zip.dll
Event: 4.296 Loaded shared library D:\Android Studio\jbr\bin\verify.dll

Deoptimization events (20 events):
Event: 54.208 Thread 0x0000021d674f75b0 DEOPT PACKING pc=0x0000021d5aa0e1a4 sp=0x00000038911f5cb0
Event: 54.208 Thread 0x0000021d674f75b0 DEOPT UNPACKING pc=0x0000021d5a1a7da2 sp=0x00000038911f5c30 mode 2
Event: 54.636 Thread 0x0000021d674f75b0 Uncommon trap: trap_request=0xffffffc6 fr.pc=0x0000021d5aabaf48 relative=0x0000000000000068
Event: 54.636 Thread 0x0000021d674f75b0 Uncommon trap: reason=bimorphic_or_optimized_type_check action=maybe_recompile pc=0x0000021d5aabaf48 method=java.util.AbstractQueue.add(Ljava/lang/Object;)Z @ 2 c2
Event: 54.636 Thread 0x0000021d674f75b0 DEOPT PACKING pc=0x0000021d5aabaf48 sp=0x00000038911f6e80
Event: 54.636 Thread 0x0000021d674f75b0 DEOPT UNPACKING pc=0x0000021d5a1a7da2 sp=0x00000038911f6e48 mode 2
Event: 54.636 Thread 0x0000021d674f75b0 Uncommon trap: trap_request=0xffffffc6 fr.pc=0x0000021d5aabaf48 relative=0x0000000000000068
Event: 54.636 Thread 0x0000021d674f75b0 Uncommon trap: reason=bimorphic_or_optimized_type_check action=maybe_recompile pc=0x0000021d5aabaf48 method=java.util.AbstractQueue.add(Ljava/lang/Object;)Z @ 2 c2
Event: 54.636 Thread 0x0000021d674f75b0 DEOPT PACKING pc=0x0000021d5aabaf48 sp=0x00000038911f6e80
Event: 54.636 Thread 0x0000021d674f75b0 DEOPT UNPACKING pc=0x0000021d5a1a7da2 sp=0x00000038911f6e48 mode 2
Event: 54.789 Thread 0x0000021d674f75b0 Uncommon trap: trap_request=0xffffffc6 fr.pc=0x0000021d5aabaf48 relative=0x0000000000000068
Event: 54.789 Thread 0x0000021d674f75b0 Uncommon trap: reason=bimorphic_or_optimized_type_check action=maybe_recompile pc=0x0000021d5aabaf48 method=java.util.AbstractQueue.add(Ljava/lang/Object;)Z @ 2 c2
Event: 54.789 Thread 0x0000021d674f75b0 DEOPT PACKING pc=0x0000021d5aabaf48 sp=0x00000038911f6770
Event: 54.789 Thread 0x0000021d674f75b0 DEOPT UNPACKING pc=0x0000021d5a1a7da2 sp=0x00000038911f6738 mode 2
Event: 54.789 Thread 0x0000021d674f75b0 Uncommon trap: trap_request=0xffffffc6 fr.pc=0x0000021d5aabaf48 relative=0x0000000000000068
Event: 54.789 Thread 0x0000021d674f75b0 Uncommon trap: reason=bimorphic_or_optimized_type_check action=maybe_recompile pc=0x0000021d5aabaf48 method=java.util.AbstractQueue.add(Ljava/lang/Object;)Z @ 2 c2
Event: 54.789 Thread 0x0000021d674f75b0 DEOPT PACKING pc=0x0000021d5aabaf48 sp=0x00000038911f6770
Event: 54.789 Thread 0x0000021d674f75b0 DEOPT UNPACKING pc=0x0000021d5a1a7da2 sp=0x00000038911f6738 mode 2
Event: 55.367 Thread 0x0000021d674f75b0 DEOPT PACKING pc=0x0000021d5320faa2 sp=0x00000038911f40b0
Event: 55.367 Thread 0x0000021d674f75b0 DEOPT UNPACKING pc=0x0000021d5a1a88e2 sp=0x00000038911f35c0 mode 0

Classes loaded (20 events):
Event: 53.484 Loading class sun/security/provider/DSA$SHA256withDSA
Event: 53.484 Loading class sun/security/provider/DSA$SHA256withDSA done
Event: 53.557 Loading class java/util/Base64
Event: 53.558 Loading class java/util/Base64 done
Event: 53.558 Loading class java/util/Base64$Decoder
Event: 53.559 Loading class java/util/Base64$Decoder done
Event: 53.559 Loading class java/util/Base64$Encoder
Event: 53.559 Loading class java/util/Base64$Encoder done
Event: 53.563 Loading class java/util/jar/JarVerifier$VerifierStream
Event: 53.564 Loading class java/util/jar/JarVerifier$VerifierStream done
Event: 53.564 Loading class sun/security/util/ManifestEntryVerifier$SunProviderHolder
Event: 53.564 Loading class sun/security/util/ManifestEntryVerifier$SunProviderHolder done
Event: 53.730 Loading class java/security/KeyStore$ProtectionParameter
Event: 53.730 Loading class java/security/KeyStore$ProtectionParameter done
Event: 54.589 Loading class java/lang/foreign/ValueLayout
Event: 54.592 Loading class java/lang/foreign/MemoryLayout
Event: 54.593 Loading class java/lang/foreign/MemoryLayout done
Event: 54.593 Loading class java/lang/foreign/ValueLayout done
Event: 56.045 Loading class java/security/KeyStore
Event: 56.049 Loading class java/security/KeyStore done

Classes unloaded (0 events):
No events

Classes redefined (0 events):
No events

Internal exceptions (20 events):
Event: 48.361 Thread 0x0000021d6d44e090 Exception <a 'java/lang/NoSuchMethodError'{0x0000000087d7e7d8}: static Lorg/gradle/internal/build/event/types/AbstractProjectConfigurationResult;.<clinit>()V> (0x0000000087d7e7d8) 
thrown [s\src\hotspot\share\prims\jni.cpp, line 1139]
Event: 48.362 Thread 0x0000021d6d44e090 Exception <a 'java/lang/NoSuchMethodError'{0x0000000087d80088}: static Lorg/gradle/internal/build/event/types/AbstractOperationResult;.<clinit>()V> (0x0000000087d80088) 
thrown [s\src\hotspot\share\prims\jni.cpp, line 1139]
Event: 48.362 Thread 0x0000021d6d44e090 Exception <a 'java/lang/NoSuchMethodError'{0x0000000087d81548}: static Lorg/gradle/internal/build/event/types/AbstractResult;.<clinit>()V> (0x0000000087d81548) 
thrown [s\src\hotspot\share\prims\jni.cpp, line 1139]
Event: 48.366 Thread 0x0000021d6d44e090 Exception <a 'java/lang/NoSuchMethodError'{0x0000000087dd0348}: static Lorg/gradle/internal/build/event/types/DefaultPluginApplicationResult;.<clinit>()V> (0x0000000087dd0348) 
thrown [s\src\hotspot\share\prims\jni.cpp, line 1139]
Event: 48.368 Thread 0x0000021d6d44e090 Exception <a 'java/lang/NoSuchMethodError'{0x0000000087dddf78}: static Lorg/gradle/internal/build/event/types/DefaultBinaryPluginIdentifier;.<clinit>()V> (0x0000000087dddf78) 
thrown [s\src\hotspot\share\prims\jni.cpp, line 1139]
Event: 48.381 Thread 0x0000021d6d44e090 Exception <a 'java/lang/NoSuchMethodError'{0x0000000085c894e8}: static Lorg/gradle/internal/build/event/types/DefaultScriptPluginIdentifier;.<clinit>()V> (0x0000000085c894e8) 
thrown [s\src\hotspot\share\prims\jni.cpp, line 1139]
Event: 48.500 Thread 0x0000021d674f75b0 Implicit null exception at 0x0000021d5aa1e15d to 0x0000021d5aa1e668
Event: 48.780 Thread 0x0000021d674f75b0 Exception <a 'java/lang/NoSuchMethodError'{0x0000000085574bd8}: 'void java.lang.invoke.Invokers$Holder.invoke_MT(java.lang.Object, java.lang.Object, java.lang.Object, java.lang.Object)'> (0x0000000085574bd8) 
thrown [s\src\hotspot\share\interpreter\linkResolver.cpp, line 784]
Event: 48.807 Thread 0x0000021d674f75b0 Exception <a 'java/lang/NoSuchMethodError'{0x00000000855e2da8}: 'java.lang.Object java.lang.invoke.DirectMethodHandle$Holder.invokeStaticInit(java.lang.Object, java.lang.Object, java.lang.Object, java.lang.Object, java.lang.Object, java.lang.Object, java.lang.Object)'> (0x00000000855e2da8) 
thrown [s\src\hotspot\share\interpreter\linkResolver.cpp, line 784]
Event: 48.818 Thread 0x0000021d674f75b0 Exception <a 'java/lang/NoSuchMethodError'{0x0000000085409788}: 'java.lang.Object java.lang.invoke.DirectMethodHandle$Holder.invokeSpecial(java.lang.Object, java.lang.Object, java.lang.Object, int, java.lang.Object, java.lang.Object)'> (0x0000000085409788) 
thrown [s\src\hotspot\share\interpreter\linkResolver.cpp, line 784]
Event: 49.597 Thread 0x0000021d674f75b0 Exception <a 'java/lang/ClassNotFoundException'{0x0000000084cd36a8}: sun/misc/SharedSecrets> (0x0000000084cd36a8) 
thrown [s\src\hotspot\share\classfile\systemDictionary.cpp, line 312]
Event: 49.598 Thread 0x0000021d674f75b0 Exception <a 'java/lang/ClassNotFoundException'{0x0000000084cd4cc0}: org/gradle/api/internal/plugins/DefaultObjectConfigurationActionBeanInfo> (0x0000000084cd4cc0) 
thrown [s\src\hotspot\share\classfile\systemDictionary.cpp, line 312]
Event: 49.602 Thread 0x0000021d674f75b0 Exception <a 'java/lang/ClassNotFoundException'{0x0000000084ce8898}: org/gradle/api/internal/plugins/DefaultObjectConfigurationActionCustomizer> (0x0000000084ce8898) 
thrown [s\src\hotspot\share\classfile\systemDictionary.cpp, line 312]
Event: 49.610 Thread 0x0000021d674f75b0 Implicit null exception at 0x0000021d5a8634e5 to 0x0000021d5a863770
Event: 49.614 Thread 0x0000021d674f75b0 Exception <a 'java/lang/NoSuchMethodError'{0x0000000084cf5ff0}: 'int java.lang.invoke.DirectMethodHandle$Holder.invokeSpecial(java.lang.Object, java.lang.Object, java.lang.Object, int)'> (0x0000000084cf5ff0) 
thrown [s\src\hotspot\share\interpreter\linkResolver.cpp, line 784]
Event: 49.618 Thread 0x0000021d674f75b0 Exception <a 'java/lang/NoSuchMethodError'{0x0000000084b07228}: 'java.lang.Object java.lang.invoke.DirectMethodHandle$Holder.invokeStatic(java.lang.Object, java.lang.Object, java.lang.Object, java.lang.Object, int)'> (0x0000000084b07228) 
thrown [s\src\hotspot\share\interpreter\linkResolver.cpp, line 784]
Event: 52.682 Thread 0x0000021d674f75b0 Exception <a 'java/lang/NoSuchMethodError'{0x00000000851ff6d8}: 'java.lang.Object java.lang.invoke.DirectMethodHandle$Holder.newInvokeSpecial(java.lang.Object, java.lang.Object, java.lang.Object, java.lang.Object, java.lang.Object, java.lang.Object, java.lang.Object, java.lang.Object, java.lang.Object, java.lang.Object, java.lang.Object, java.lang.Object, java.lang.Object, java.lang.Object, java.lang.Object, java.lang.Object)'> (0x00000000851ff6d8) 
thrown [s\src\hotspot\share\interpreter\linkResolver.cpp,
Event: 52.683 Thread 0x0000021d674f75b0 Exception <a 'java/lang/NoSuchMethodError'{0x0000000085006650}: 'java.lang.Object java.lang.invoke.DirectMethodHandle$Holder.invokeSpecial(java.lang.Object, java.lang.Object, java.lang.Object, java.lang.Object, java.lang.Object, java.lang.Object, java.lang.Object, java.lang.Object, java.lang.Object, java.lang.Object, java.lang.Object, java.lang.Object, java.lang.Object, java.lang.Object, java.lang.Object, java.lang.Object, java.lang.Object)'> (0x0000000085006650) 
thrown [s\src\hotspot\share\interpreter\li
Event: 52.684 Thread 0x0000021d674f75b0 Exception <a 'java/lang/NoSuchMethodError'{0x000000008500c2a0}: 'java.lang.Object java.lang.invoke.DelegatingMethodHandle$Holder.reinvoke_L(java.lang.Object, java.lang.Object, java.lang.Object, java.lang.Object, java.lang.Object, java.lang.Object, java.lang.Object, java.lang.Object, java.lang.Object, java.lang.Object, java.lang.Object, java.lang.Object, java.lang.Object, java.lang.Object, java.lang.Object, java.lang.Object)'> (0x000000008500c2a0) 
thrown [s\src\hotspot\share\interpreter\linkResolver.cpp, l
Event: 52.922 Thread 0x0000021d674f75b0 Exception <a 'java/lang/NoSuchMethodError'{0x00000000867c0ec8}: 'void java.lang.invoke.DirectMethodHandle$Holder.invokeVirtual(java.lang.Object, java.lang.Object)'> (0x00000000867c0ec8) 
thrown [s\src\hotspot\share\interpreter\linkResolver.cpp, line 784]

ZGC Phase Switch (0 events):
No events

VM Operations (20 events):
Event: 51.933 Executing VM operation: G1PauseCleanup
Event: 51.934 Executing VM operation: G1PauseCleanup done
Event: 52.698 Executing VM operation: HandshakeAllThreads (Deoptimize)
Event: 52.698 Executing VM operation: HandshakeAllThreads (Deoptimize) done
Event: 52.729 Executing VM operation: G1CollectForAllocation (G1 Evacuation Pause)
Event: 52.733 Executing VM operation: G1CollectForAllocation (G1 Evacuation Pause) done
Event: 53.304 Executing VM operation: HandshakeAllThreads (Deoptimize)
Event: 53.304 Executing VM operation: HandshakeAllThreads (Deoptimize) done
Event: 53.411 Executing VM operation: HandshakeAllThreads (Deoptimize)
Event: 53.411 Executing VM operation: HandshakeAllThreads (Deoptimize) done
Event: 53.414 Executing VM operation: HandshakeAllThreads (Deoptimize)
Event: 53.414 Executing VM operation: HandshakeAllThreads (Deoptimize) done
Event: 54.155 Executing VM operation: G1CollectForAllocation (G1 Evacuation Pause)
Event: 54.166 Executing VM operation: G1CollectForAllocation (G1 Evacuation Pause) done
Event: 55.174 Executing VM operation: Cleanup
Event: 55.190 Executing VM operation: Cleanup done
Event: 56.194 Executing VM operation: Cleanup
Event: 56.195 Executing VM operation: Cleanup done
Event: 57.200 Executing VM operation: Cleanup
Event: 57.200 Executing VM operation: Cleanup done

Memory protections (0 events):
No events

Nmethod flushes (20 events):
Event: 51.891 Thread 0x0000021d6730b990 flushing  nmethod 0x0000021d533e9490
Event: 51.891 Thread 0x0000021d6730b990 flushing  nmethod 0x0000021d533e9a90
Event: 51.891 Thread 0x0000021d6730b990 flushing  nmethod 0x0000021d533f4f90
Event: 51.891 Thread 0x0000021d6730b990 flushing  nmethod 0x0000021d53497590
Event: 51.891 Thread 0x0000021d6730b990 flushing  nmethod 0x0000021d53498610
Event: 51.891 Thread 0x0000021d6730b990 flushing  nmethod 0x0000021d5349b490
Event: 51.891 Thread 0x0000021d6730b990 flushing  nmethod 0x0000021d5349cd90
Event: 51.891 Thread 0x0000021d6730b990 flushing  nmethod 0x0000021d5353dd10
Event: 51.891 Thread 0x0000021d6730b990 flushing  nmethod 0x0000021d53545b10
Event: 51.891 Thread 0x0000021d6730b990 flushing  nmethod 0x0000021d53547010
Event: 51.891 Thread 0x0000021d6730b990 flushing  nmethod 0x0000021d53547390
Event: 51.891 Thread 0x0000021d6730b990 flushing  nmethod 0x0000021d53547b10
Event: 51.891 Thread 0x0000021d6730b990 flushing  nmethod 0x0000021d53548290
Event: 51.891 Thread 0x0000021d6730b990 flushing  nmethod 0x0000021d5357eb10
Event: 51.891 Thread 0x0000021d6730b990 flushing  nmethod 0x0000021d5357ee10
Event: 51.891 Thread 0x0000021d6730b990 flushing  nmethod 0x0000021d53582990
Event: 51.891 Thread 0x0000021d6730b990 flushing  nmethod 0x0000021d535ae990
Event: 51.891 Thread 0x0000021d6730b990 flushing  nmethod 0x0000021d53804990
Event: 51.891 Thread 0x0000021d6730b990 flushing  nmethod 0x0000021d53889810
Event: 51.891 Thread 0x0000021d6730b990 flushing  nmethod 0x0000021d5388c910

Events (20 events):
Event: 42.157 Thread 0x0000021d674f75b0 Thread added: 0x0000021d6fbf0130
Event: 42.157 Thread 0x0000021d674f75b0 Thread added: 0x0000021d6fbeed80
Event: 42.158 Thread 0x0000021d674f75b0 Thread added: 0x0000021d6fbf0e50
Event: 42.160 Thread 0x0000021d674f75b0 Thread added: 0x0000021d6fbef410
Event: 43.054 Thread 0x0000021d674f75b0 Thread added: 0x0000021d6fbf14e0
Event: 43.057 Thread 0x0000021d674f75b0 Thread added: 0x0000021d6fbefaa0
Event: 43.065 Thread 0x0000021d674f75b0 Thread added: 0x0000021d6fbee060
Event: 43.073 Thread 0x0000021d674f75b0 Thread added: 0x0000021d6fbf1b70
Event: 43.118 Thread 0x0000021d674f75b0 Thread added: 0x0000021d6fbee6f0
Event: 43.125 Thread 0x0000021d674f75b0 Thread added: 0x0000021d6fbf2200
Event: 43.128 Thread 0x0000021d674f75b0 Thread added: 0x0000021d6fbf3c40
Event: 45.227 Thread 0x0000021d674f75b0 Thread added: 0x0000021d6fbf42d0
Event: 45.232 Thread 0x0000021d674f75b0 Thread added: 0x0000021d6fbf5680
Event: 45.234 Thread 0x0000021d674f75b0 Thread added: 0x0000021d6fbf4960
Event: 45.237 Thread 0x0000021d674f75b0 Thread added: 0x0000021d6fbf2f20
Event: 45.238 Thread 0x0000021d674f75b0 Thread added: 0x0000021d6fbf35b0
Event: 45.239 Thread 0x0000021d674f75b0 Thread added: 0x0000021d6fbf4ff0
Event: 45.243 Thread 0x0000021d674f75b0 Thread added: 0x0000021d6fbf2890
Event: 51.725 Thread 0x0000021d674f75b0 Thread added: 0x0000021d6d33d730
Event: 52.834 Thread 0x0000021d674f75b0 Thread added: 0x0000021d6d33ddc0


Dynamic libraries:
0x00007ff7861e0000 - 0x00007ff7861ea000 	D:\Android Studio\jbr\bin\java.exe
0x00007ffe43d80000 - 0x00007ffe43fe7000 	C:\WINDOWS\SYSTEM32\ntdll.dll
0x00007ffe428b0000 - 0x00007ffe42979000 	C:\WINDOWS\System32\KERNEL32.DLL
0x00007ffe412c0000 - 0x00007ffe416b4000 	C:\WINDOWS\System32\KERNELBASE.dll
0x00007ffe40900000 - 0x00007ffe40a4b000 	C:\WINDOWS\System32\ucrtbase.dll
0x00007ffe31430000 - 0x00007ffe31448000 	D:\Android Studio\jbr\bin\jli.dll
0x00007ffe41b10000 - 0x00007ffe41cd5000 	C:\WINDOWS\System32\USER32.dll
0x00007ffe418b0000 - 0x00007ffe418d7000 	C:\WINDOWS\System32\win32u.dll
0x00007ffe42530000 - 0x00007ffe4255b000 	C:\WINDOWS\System32\GDI32.dll
0x00007ffe416c0000 - 0x00007ffe417ea000 	C:\WINDOWS\System32\gdi32full.dll
0x00007ffe418e0000 - 0x00007ffe41983000 	C:\WINDOWS\System32\msvcp_win.dll
0x00007ffe2f4f0000 - 0x00007ffe2f50b000 	D:\Android Studio\jbr\bin\VCRUNTIME140.dll
0x00007ffe2dd70000 - 0x00007ffe2e003000 	C:\WINDOWS\WinSxS\amd64_microsoft.windows.common-controls_6595b64144ccf1df_6.0.26100.8115_none_3e075c82e3354f9c\COMCTL32.dll
0x00007ffe43b80000 - 0x00007ffe43c29000 	C:\WINDOWS\System32\msvcrt.dll
0x00007ffe430b0000 - 0x00007ffe430e2000 	C:\WINDOWS\System32\IMM32.DLL
0x00007ffe31420000 - 0x00007ffe3142c000 	D:\Android Studio\jbr\bin\vcruntime140_1.dll
0x00007ffdf5770000 - 0x00007ffdf57fd000 	D:\Android Studio\jbr\bin\msvcp140.dll
0x00007ffd59d10000 - 0x00007ffd5a99b000 	D:\Android Studio\jbr\bin\server\jvm.dll
0x00007ffe42980000 - 0x00007ffe42a36000 	C:\WINDOWS\System32\ADVAPI32.dll
0x00007ffe41ce0000 - 0x00007ffe41d87000 	C:\WINDOWS\System32\sechost.dll
0x00007ffe42560000 - 0x00007ffe42678000 	C:\WINDOWS\System32\RPCRT4.dll
0x00007ffe41e50000 - 0x00007ffe41ed0000 	C:\WINDOWS\System32\WS2_32.dll
0x00007ffe404b0000 - 0x00007ffe4050e000 	C:\WINDOWS\SYSTEM32\POWRPROF.dll
0x00007ffe38b50000 - 0x00007ffe38b5b000 	C:\WINDOWS\SYSTEM32\VERSION.dll
0x00007ffe2e010000 - 0x00007ffe2e046000 	C:\WINDOWS\SYSTEM32\WINMM.dll
0x00007ffe40490000 - 0x00007ffe404a4000 	C:\WINDOWS\SYSTEM32\UMPDC.dll
0x00007ffe3f3e0000 - 0x00007ffe3f3fb000 	C:\WINDOWS\SYSTEM32\kernel.appcore.dll
0x00007ffe260b0000 - 0x00007ffe260ba000 	D:\Android Studio\jbr\bin\jimage.dll
0x00007ffe3e690000 - 0x00007ffe3e8d2000 	C:\WINDOWS\SYSTEM32\DBGHELP.DLL
0x00007ffe41ee0000 - 0x00007ffe42262000 	C:\WINDOWS\System32\combase.dll
0x00007ffe42270000 - 0x00007ffe42347000 	C:\WINDOWS\System32\OLEAUT32.dll
0x00007ffe2f830000 - 0x00007ffe2f86b000 	C:\WINDOWS\SYSTEM32\dbgcore.DLL
0x00007ffe406e0000 - 0x00007ffe40785000 	C:\WINDOWS\System32\bcryptPrimitives.dll
0x00007ffe23660000 - 0x00007ffe2366e000 	D:\Android Studio\jbr\bin\instrument.dll
0x00007ffe24af0000 - 0x00007ffe24b10000 	D:\Android Studio\jbr\bin\java.dll
0x00007ffe248b0000 - 0x00007ffe248c8000 	D:\Android Studio\jbr\bin\zip.dll
0x00007ffe43310000 - 0x00007ffe43a76000 	C:\WINDOWS\System32\SHELL32.dll
0x00007ffe40790000 - 0x00007ffe408fa000 	C:\WINDOWS\System32\wintypes.dll
0x00007ffe40a50000 - 0x00007ffe412b5000 	C:\WINDOWS\System32\windows.storage.dll
0x00007ffe423a0000 - 0x00007ffe42497000 	C:\WINDOWS\System32\SHCORE.dll
0x00007ffe43cb0000 - 0x00007ffe43d16000 	C:\WINDOWS\System32\shlwapi.dll
0x00007ffe40570000 - 0x00007ffe40599000 	C:\WINDOWS\SYSTEM32\profapi.dll
0x00007ffe23820000 - 0x00007ffe23830000 	D:\Android Studio\jbr\bin\net.dll
0x00007ffe38800000 - 0x00007ffe3892d000 	C:\WINDOWS\SYSTEM32\WINHTTP.dll
0x00007ffe3f950000 - 0x00007ffe3f9bc000 	C:\WINDOWS\system32\mswsock.dll
0x00007ffe1e020000 - 0x00007ffe1e036000 	D:\Android Studio\jbr\bin\nio.dll
0x00007ffe1a8f0000 - 0x00007ffe1a900000 	D:\Android Studio\jbr\bin\verify.dll
0x00007ffe31f40000 - 0x00007ffe31f67000 	C:\Users\vipla\.gradle\native\c067742578af261105cb4f569cf0c3c89f3d7b1fecec35dd04571415982c5e48\windows-amd64\native-platform.dll
0x00007ffde23f0000 - 0x00007ffde2534000 	C:\Users\vipla\.gradle\native\100fb08df4bc3b14c8652ba06237920a3bd2aa13389f12d3474272988ae205f9\windows-amd64\native-platform-file-events.dll
0x00007ffe23650000 - 0x00007ffe23659000 	D:\Android Studio\jbr\bin\management.dll
0x00007ffe1dfb0000 - 0x00007ffe1dfbb000 	D:\Android Studio\jbr\bin\management_ext.dll
0x00007ffe426a0000 - 0x00007ffe426a8000 	C:\WINDOWS\System32\PSAPI.DLL
0x00007ffe3fc30000 - 0x00007ffe3fc4b000 	C:\WINDOWS\SYSTEM32\CRYPTSP.dll
0x00007ffe3f340000 - 0x00007ffe3f379000 	C:\WINDOWS\system32\rsaenh.dll
0x00007ffe3fa00000 - 0x00007ffe3fa33000 	C:\WINDOWS\SYSTEM32\USERENV.dll
0x00007ffe40540000 - 0x00007ffe4056a000 	C:\WINDOWS\SYSTEM32\bcrypt.dll
0x00007ffe3fc50000 - 0x00007ffe3fc5c000 	C:\WINDOWS\SYSTEM32\CRYPTBASE.dll
0x00007ffe3ed00000 - 0x00007ffe3ed32000 	C:\WINDOWS\SYSTEM32\IPHLPAPI.DLL
0x00007ffe42690000 - 0x00007ffe4269a000 	C:\WINDOWS\System32\NSI.dll
0x00007ffe23690000 - 0x00007ffe23699000 	D:\Android Studio\jbr\bin\extnet.dll
0x00007ffdd2580000 - 0x00007ffdd2588000 	C:\WINDOWS\system32\wshunix.dll

dbghelp: loaded successfully - version: 4.0.5 - missing functions: none
symbol engine: initialized successfully - sym options: 0x614 - pdb path: .;D:\Android Studio\jbr\bin;C:\WINDOWS\SYSTEM32;C:\WINDOWS\WinSxS\amd64_microsoft.windows.common-controls_6595b64144ccf1df_6.0.26100.8115_none_3e075c82e3354f9c;D:\Android Studio\jbr\bin\server;C:\Users\vipla\.gradle\native\c067742578af261105cb4f569cf0c3c89f3d7b1fecec35dd04571415982c5e48\windows-amd64;C:\Users\vipla\.gradle\native\100fb08df4bc3b14c8652ba06237920a3bd2aa13389f12d3474272988ae205f9\windows-amd64

VM Arguments:
jvm_args: --add-opens=java.base/java.lang=ALL-UNNAMED --add-opens=java.base/java.lang.invoke=ALL-UNNAMED --add-opens=java.base/java.util=ALL-UNNAMED --add-opens=java.prefs/java.util.prefs=ALL-UNNAMED --add-exports=jdk.compiler/com.sun.tools.javac.api=ALL-UNNAMED --add-exports=jdk.compiler/com.sun.tools.javac.util=ALL-UNNAMED --add-opens=java.base/java.util=ALL-UNNAMED --add-opens=java.prefs/java.util.prefs=ALL-UNNAMED --add-opens=java.base/java.nio.charset=ALL-UNNAMED --add-opens=java.base/java.net=ALL-UNNAMED --add-opens=java.base/java.util.concurrent.atomic=ALL-UNNAMED --add-opens=java.xml/javax.xml.namespace=ALL-UNNAMED -Xmx2048m -Dfile.encoding=UTF-8 -Duser.country=IN -Duser.language=en -Duser.variant -javaagent:C:\Users\vipla\.gradle\wrapper\dists\gradle-8.11.1-bin\bpt9gzteqjrbo1mjrsomdt32c\gradle-8.11.1\lib\agents\gradle-instrumentation-agent-8.11.1.jar 
java_command: org.gradle.launcher.daemon.bootstrap.GradleDaemon 8.11.1
java_class_path (initial): C:\Users\vipla\.gradle\wrapper\dists\gradle-8.11.1-bin\bpt9gzteqjrbo1mjrsomdt32c\gradle-8.11.1\lib\gradle-daemon-main-8.11.1.jar
Launcher Type: SUN_STANDARD

[Global flags]
     intx CICompilerCount                          = 4                                         {product} {ergonomic}
     uint ConcGCThreads                            = 2                                         {product} {ergonomic}
     uint G1ConcRefinementThreads                  = 8                                         {product} {ergonomic}
   size_t G1HeapRegionSize                         = 1048576                                   {product} {ergonomic}
    uintx GCDrainStackTargetSize                   = 64                                        {product} {ergonomic}
   size_t InitialHeapSize                          = 132120576                                 {product} {ergonomic}
   size_t MarkStackSize                            = 4194304                                   {product} {ergonomic}
   size_t MaxHeapSize                              = 2147483648                                {product} {command line}
   size_t MaxNewSize                               = 1287651328                                {product} {ergonomic}
   size_t MinHeapDeltaBytes                        = 1048576                                   {product} {ergonomic}
   size_t MinHeapSize                              = 8388608                                   {product} {ergonomic}
    uintx NonNMethodCodeHeapSize                   = 5839372                                {pd product} {ergonomic}
    uintx NonProfiledCodeHeapSize                  = 122909434                              {pd product} {ergonomic}
    uintx ProfiledCodeHeapSize                     = 122909434                              {pd product} {ergonomic}
    uintx ReservedCodeCacheSize                    = 251658240                              {pd product} {ergonomic}
     bool SegmentedCodeCache                       = true                                      {product} {ergonomic}
   size_t SoftMaxHeapSize                          = 2147483648                             {manageable} {ergonomic}
     bool UseCompressedOops                        = true                           {product lp64_product} {ergonomic}
     bool UseG1GC                                  = true                                      {product} {ergonomic}
     bool UseLargePagesIndividualAllocation        = false                                  {pd product} {ergonomic}

Logging:
Log output configuration:
 #0: stdout all=warning uptime,level,tags foldmultilines=false
 #1: stderr all=off uptime,level,tags foldmultilines=false

Environment Variables:
PATH=C:\WINDOWS\system32;C:\WINDOWS;C:\WINDOWS\System32\Wbem;C:\WINDOWS\System32\WindowsPowerShell\v1.0\;C:\WINDOWS\System32\OpenSSH\;C:\Program Files\dotnet\;C:\Program Files\MySQL\MySQL Server 8.0\bin;C:\Program Files\Microsoft SQL Server\150\Tools\Binn\;C:\Program Files\Microsoft SQL Server\Client SDK\ODBC\170\Tools\Binn\;C:\Program Files (x86)\Microsoft SQL Server\160\Tools\Binn\;C:\Program Files\Microsoft SQL Server\160\Tools\Binn\;C:\Program Files\Microsoft SQL Server\160\DTS\Binn\;C:\Program Files\Git\cmd;C:\Users\vipla\AppData\Local\Programs\Python\Launcher\;C:\Users\vipla\AppData\Local\Microsoft\WindowsApps;C:\Users\vipla\AppData\Local\Programs\Microsoft VS Code\bin;\msys64\ucrt64\bin;C:\src\flutter\flutter\bin;C:\src\flutter_windows_3.32.5-stable(2).zip\flutter\bin;C:\Users\vipla\.dotnet\tools
USERNAME=vipla
OS=Windows_NT
PROCESSOR_IDENTIFIER=Intel64 Family 6 Model 126 Stepping 5, GenuineIntel
TMP=C:\Users\vipla\AppData\Local\Temp
TEMP=C:\Users\vipla\AppData\Local\Temp




Periodic native trim disabled

JNI global refs:
JNI global refs: 28, weak refs: 1

JNI global refs memory usage: 835, weak refs: 833

Process memory usage:
Resident Set Size: 154516K (1% of 8150356K total physical memory with 3720K free physical memory)

OOME stack traces (most recent first):
Classloader memory used:
Loader org.gradle.internal.classloader.VisitableURLClassLoader                         : 35108K
Loader bootstrap                                                                       : 25128K
Loader org.gradle.initialization.MixInLegacyTypesClassLoader                           : 10394K
Loader org.gradle.internal.classloader.VisitableURLClassLoader$InstrumentingVisitableURLClassLoader: 8855K
Loader jdk.internal.loader.ClassLoaders$PlatformClassLoader                            : 519K
Loader jdk.internal.loader.ClassLoaders$AppClassLoader                                 : 234K
Loader jdk.internal.reflect.DelegatingClassLoader                                      : 99672B
Loader org.gradle.internal.classloader.VisitableURLClassLoader                         : 72216B

Classes loaded by more than one classloader:
Class Program                                                                         : loaded 4 times (x 70B)
Class com.google.common.base.Equivalence$Identity                                     : loaded 2 times (x 78B)
Class com.google.common.collect.RegularImmutableMap$KeySet                            : loaded 2 times (x 146B)
Class org.gradle.internal.classloader.FilteringClassLoader                            : loaded 2 times (x 101B)
Class [Lcom.google.common.base.AbstractIterator$State;                                : loaded 2 times (x 65B)
Class com.google.common.base.CharMatcher$IsEither                                     : loaded 2 times (x 107B)
Class org.gradle.internal.classloader.ClassLoaderHierarchy                            : loaded 2 times (x 66B)
Class com.google.common.collect.ImmutableEnumSet                                      : loaded 2 times (x 142B)
Class com.google.common.util.concurrent.ExecutionError                                : loaded 2 times (x 78B)
Class com.google.common.collect.ImmutableList$1                                       : loaded 2 times (x 93B)
Class org.gradle.api.internal.classpath.ManifestUtil                                  : loaded 2 times (x 67B)
Class com.google.common.collect.RegularImmutableMap                                   : loaded 2 times (x 117B)
Class com.google.common.collect.ImmutableMap$MapViewOfValuesAsSingletonSets           : loaded 2 times (x 121B)
Class [Lorg.objectweb.asm.Symbol;                                                     : loaded 2 times (x 65B)
Class org.objectweb.asm.ClassVisitor                                                  : loaded 2 times (x 83B)
Class com.google.common.collect.UnmodifiableListIterator                              : loaded 2 times (x 91B)
Class org.objectweb.asm.MethodTooLargeException                                       : loaded 2 times (x 79B)
Class com.google.common.base.Platform$JdkPatternCompiler                              : loaded 2 times (x 71B)
Class [Lcom.google.common.cache.CacheBuilder$OneWeigher;                              : loaded 2 times (x 65B)
Class com.google.common.base.Suppliers                                                : loaded 2 times (x 67B)
Class org.gradle.internal.classloader.DefaultClassLoaderFactory                       : loaded 2 times (x 78B)
Class com.google.common.base.CharMatcher$None                                         : loaded 2 times (x 108B)
Class org.gradle.internal.classloader.ClassLoaderVisitor                              : loaded 2 times (x 72B)
Class [Lcom.google.common.collect.ImmutableMapEntry;                                  : loaded 2 times (x 65B)
Class org.gradle.api.internal.classpath.EffectiveClassPath                            : loaded 2 times (x 86B)
Class com.google.common.collect.ImmutableEnumMap                                      : loaded 2 times (x 121B)
Class com.google.common.collect.ListMultimap                                          : loaded 2 times (x 66B)
Class com.google.common.collect.Sets$1                                                : loaded 2 times (x 135B)
Class org.objectweb.asm.AnnotationVisitor                                             : loaded 2 times (x 73B)
Class com.google.common.base.Splitter                                                 : loaded 2 times (x 68B)
Class org.gradle.api.internal.DefaultClassPathProvider                                : loaded 2 times (x 72B)
Class com.google.common.collect.Sets$2                                                : loaded 2 times (x 135B)
Class [Lorg.gradle.api.internal.ClassPathProvider;                                    : loaded 2 times (x 65B)
Class org.gradle.api.internal.ClassPathProvider                                       : loaded 2 times (x 66B)
Class [Lorg.objectweb.asm.AnnotationVisitor;                                          : loaded 2 times (x 65B)
Class com.google.common.collect.Sets$3                                                : loaded 2 times (x 135B)
Class com.google.common.util.concurrent.AbstractFuture$SafeAtomicHelper               : loaded 2 times (x 75B)
Class com.google.common.cache.LocalCache$LocalLoadingCache                            : loaded 2 times (x 130B)
Class com.google.common.base.AbstractIterator$State                                   : loaded 2 times (x 75B)
Class org.gradle.internal.service.UnknownServiceException                             : loaded 2 times (x 79B)
Class com.google.common.collect.Sets$4                                                : loaded 2 times (x 135B)
Class org.objectweb.asm.ModuleVisitor                                                 : loaded 2 times (x 76B)
Class com.google.common.cache.LocalCache$Strength$1                                   : loaded 2 times (x 77B)
Class com.google.common.util.concurrent.SettableFuture                                : loaded 2 times (x 110B)
Class com.google.common.cache.LocalCache$Strength$2                                   : loaded 2 times (x 77B)
Class com.google.common.cache.LocalCache$Strength$3                                   : loaded 2 times (x 77B)
Class com.google.common.collect.MapDifference                                         : loaded 2 times (x 66B)
Class com.google.common.base.Splitter$1                                               : loaded 2 times (x 73B)
Class org.objectweb.asm.FieldWriter                                                   : loaded 2 times (x 73B)
Class com.google.common.cache.CacheBuilder$NullListener                               : loaded 2 times (x 78B)
Class org.gradle.internal.classpath.TransformedClassPath                              : loaded 2 times (x 92B)
Class org.gradle.internal.classloader.InstrumentingClassLoader                        : loaded 2 times (x 66B)
Class com.google.common.cache.CacheLoader$FunctionToCacheLoader                       : loaded 2 times (x 71B)
Class com.google.common.collect.Iterators$ArrayItr                                    : loaded 2 times (x 93B)
Class com.google.common.collect.ImmutableCollection$Builder                           : loaded 2 times (x 72B)
Class com.google.common.base.MoreObjects                                              : loaded 2 times (x 67B)
Class [Lorg.objectweb.asm.Type;                                                       : loaded 2 times (x 65B)
Class com.google.common.collect.Platform                                              : loaded 2 times (x 67B)
Class com.google.common.collect.UnmodifiableIterator                                  : loaded 2 times (x 76B)
Class org.gradle.internal.service.ServiceLocator                                      : loaded 2 times (x 66B)
Class com.google.common.base.Ascii                                                    : loaded 2 times (x 67B)
Class com.google.common.collect.SingletonImmutableBiMap                               : loaded 2 times (x 139B)
Class com.google.common.cache.LocalCache$1                                            : loaded 2 times (x 85B)
Class com.google.common.collect.AbstractMapEntry                                      : loaded 2 times (x 77B)
Class com.google.common.cache.LocalCache$2                                            : loaded 2 times (x 138B)
Class com.google.common.collect.AbstractMultimap                                      : loaded 2 times (x 119B)
Class com.google.common.util.concurrent.AbstractFuture$UnsafeAtomicHelper$1           : loaded 2 times (x 72B)
Class com.google.common.collect.RegularImmutableAsList                                : loaded 2 times (x 212B)
Class com.google.common.util.concurrent.AbstractFuture$Trusted                        : loaded 2 times (x 66B)
Class com.google.common.collect.Iterators                                             : loaded 2 times (x 67B)
Class com.google.common.base.CharMatcher$RangesMatcher                                : loaded 2 times (x 108B)
Class com.google.common.util.concurrent.UncheckedExecutionException                   : loaded 2 times (x 78B)
Class com.google.common.collect.Lists$StringAsImmutableList                           : loaded 2 times (x 203B)
Class com.google.common.base.CharMatcher$JavaLetterOrDigit                            : loaded 2 times (x 107B)
Class org.gradle.internal.InternalTransformer                                         : loaded 2 times (x 66B)
Class org.objectweb.asm.ClassWriter                                                   : loaded 2 times (x 100B)
Class com.google.common.cache.CacheLoader$UnsupportedLoadingOperationException        : loaded 2 times (x 78B)
Class com.google.common.base.CharMatcher$And                                          : loaded 2 times (x 108B)
Class org.gradle.internal.classloader.ClasspathUtil$1                                 : loaded 2 times (x 72B)
Class org.objectweb.asm.FieldVisitor                                                  : loaded 2 times (x 72B)
Class com.google.common.collect.IndexedImmutableSet                                   : loaded 2 times (x 146B)
Class com.google.common.collect.ImmutableMap$1                                        : loaded 2 times (x 77B)
Class com.google.common.collect.BiMap                                                 : loaded 2 times (x 66B)
Class org.gradle.api.internal.classpath.DefaultModuleRegistry$DefaultModule           : loaded 2 times (x 82B)
Class com.google.common.primitives.Ints                                               : loaded 2 times (x 67B)
Class com.google.common.collect.AbstractIterator                                      : loaded 2 times (x 78B)
Class com.google.common.math.MathPreconditions                                        : loaded 2 times (x 67B)
Class com.google.common.collect.Multiset                                              : loaded 2 times (x 66B)
Class com.google.common.collect.ArrayListMultimapGwtSerializationDependencies         : loaded 2 times (x 168B)
Class com.google.common.collect.ObjectArrays                                          : loaded 2 times (x 67B)
Class com.google.common.collect.AbstractIndexedListIterator                           : loaded 2 times (x 92B)
Class com.google.common.collect.ImmutableMapEntrySet                                  : loaded 2 times (x 147B)
Class org.gradle.api.internal.classpath.Module                                        : loaded 2 times (x 66B)
Class com.google.common.cache.Weigher                                                 : loaded 2 times (x 66B)
Class org.gradle.api.internal.classpath.UnknownModuleException                        : loaded 2 times (x 78B)
Class com.google.common.base.Stopwatch                                                : loaded 2 times (x 68B)
Class com.google.common.cache.LocalCache$Strength                                     : loaded 2 times (x 77B)
Class com.google.common.cache.Cache                                                   : loaded 2 times (x 66B)
Class com.google.common.util.concurrent.AbstractFuture$Cancellation                   : loaded 2 times (x 68B)
Class com.google.common.collect.ImmutableMap$Builder                                  : loaded 2 times (x 78B)
Class com.google.common.base.NullnessCasts                                            : loaded 2 times (x 67B)
Class com.google.common.cache.RemovalListener                                         : loaded 2 times (x 66B)
Class org.gradle.api.internal.DefaultClassPathRegistry                                : loaded 2 times (x 72B)
Class com.google.common.primitives.IntsMethodsForWeb                                  : loaded 2 times (x 67B)
Class com.google.common.collect.Multimap                                              : loaded 2 times (x 66B)
Class org.gradle.api.internal.ClassPathRegistry                                       : loaded 2 times (x 66B)
Class org.gradle.internal.classpath.DefaultClassPath$ImmutableUniqueList              : loaded 2 times (x 195B)
Class com.google.common.cache.CacheBuilder                                            : loaded 2 times (x 68B)
Class com.google.common.collect.SingletonImmutableList                                : loaded 2 times (x 203B)
Class com.google.common.base.PairwiseEquivalence                                      : loaded 2 times (x 79B)
Class Settings_gradle$1                                                               : loaded 2 times (x 70B)
Class org.gradle.internal.classpath.ClassPath                                         : loaded 2 times (x 66B)
Class org.gradle.api.UncheckedIOException                                             : loaded 2 times (x 78B)
Class com.google.common.collect.ImmutableList$ReverseImmutableList                    : loaded 2 times (x 204B)
Class com.google.common.base.JdkPattern                                               : loaded 2 times (x 71B)
Class org.objectweb.asm.SymbolTable$Entry                                             : loaded 2 times (x 70B)
Class com.google.common.util.concurrent.AbstractFuture$AtomicHelper                   : loaded 2 times (x 74B)
Class org.objectweb.asm.Edge                                                          : loaded 2 times (x 68B)
Class com.google.common.base.Suppliers$SupplierOfInstance                             : loaded 2 times (x 75B)
Class com.google.common.collect.Iterators$1                                           : loaded 2 times (x 77B)
Class com.google.common.cache.LocalCache$ComputingValueReference                      : loaded 2 times (x 92B)
Class com.google.common.collect.SingletonImmutableSet                                 : loaded 2 times (x 142B)
Class com.google.common.collect.ImmutableMap$IteratorBasedImmutableMap                : loaded 2 times (x 121B)
Class com.google.common.cache.LocalCache$Segment                                      : loaded 2 times (x 150B)
Class [Lorg.objectweb.asm.SymbolTable$Entry;                                          : loaded 2 times (x 65B)
Class com.google.common.cache.CacheLoader                                             : loaded 2 times (x 70B)
Class com.google.common.collect.Iterators$4                                           : loaded 2 times (x 78B)
Class com.google.common.collect.ImmutableBiMap                                        : loaded 2 times (x 139B)
Class com.google.common.collect.AbstractListMultimap                                  : loaded 2 times (x 168B)
Class org.gradle.internal.installation.GradleInstallation$1                           : loaded 2 times (x 71B)
Class org.gradle.api.internal.classpath.ModuleRegistry                                : loaded 2 times (x 66B)
Class com.google.common.util.concurrent.internal.InternalFutureFailureAccess          : loaded 2 times (x 68B)
Class com.google.common.collect.Iterators$5                                           : loaded 2 times (x 78B)
Class com.google.common.collect.ImmutableSet$JdkBackedSetBuilderImpl                  : loaded 2 times (x 72B)
Class com.google.common.base.Splitter$SplittingIterator                               : loaded 2 times (x 80B)
Class com.google.common.util.concurrent.AbstractFuture$UnsafeAtomicHelper             : loaded 2 times (x 74B)
Class com.google.common.cache.LocalCache$LocalManualCache$1                           : loaded 2 times (x 71B)
Class com.google.common.base.CharMatcher$ForPredicate                                 : loaded 2 times (x 108B)
Class com.google.common.collect.ImmutableCollection                                   : loaded 2 times (x 121B)
Class com.google.common.base.CharMatcher$AnyOf                                        : loaded 2 times (x 108B)
Class org.gradle.api.internal.classpath.DefaultModuleRegistry                         : loaded 2 times (x 82B)
Class com.google.common.util.concurrent.ListenableFuture                              : loaded 2 times (x 66B)
Class com.google.common.cache.ReferenceEntry                                          : loaded 2 times (x 66B)
Class com.google.common.collect.ImmutableSet$CachingAsList                            : loaded 2 times (x 143B)
Class com.google.common.base.Converter                                                : loaded 2 times (x 86B)
Class com.google.common.collect.Lists                                                 : loaded 2 times (x 67B)
Class com.google.common.base.CharMatcher$Any                                          : loaded 2 times (x 108B)
Class com.google.common.util.concurrent.AbstractFuture                                : loaded 2 times (x 102B)
Class com.google.common.base.FunctionalEquivalence                                    : loaded 2 times (x 79B)
Class com.google.common.collect.Iterators$9                                           : loaded 2 times (x 77B)
Class com.google.common.collect.AbstractMapBasedMultimap                              : loaded 2 times (x 135B)
Class com.google.common.collect.ImmutableAsList                                       : loaded 2 times (x 205B)
Class org.objectweb.asm.RecordComponentVisitor                                        : loaded 2 times (x 73B)
Class com.google.common.cache.CacheLoader$SupplierToCacheLoader                       : loaded 2 times (x 71B)
Class com.google.common.collect.Maps$EntryTransformer                                 : loaded 2 times (x 66B)
Class org.gradle.internal.service.ServiceLookupException                              : loaded 2 times (x 78B)
Class [Lcom.google.common.cache.LocalCache$EntryFactory;                              : loaded 2 times (x 65B)
Class com.google.common.base.CharMatcher$JavaLetter                                   : loaded 2 times (x 107B)
Class org.gradle.internal.classloader.ClassLoaderFactory                              : loaded 2 times (x 66B)
Class com.google.common.cache.LocalCache$LocalManualCache                             : loaded 2 times (x 95B)
Class com.google.common.base.CharMatcher$IsNot                                        : loaded 2 times (x 107B)
Class com.google.common.base.CommonPattern                                            : loaded 2 times (x 70B)
Class org.gradle.internal.service.CachingServiceLocator                               : loaded 2 times (x 78B)
Class com.google.common.math.IntMath                                                  : loaded 2 times (x 67B)
Class com.google.common.collect.Iterators$10                                          : loaded 2 times (x 77B)
Class com.google.common.collect.ImmutableMapEntry                                     : loaded 2 times (x 81B)
Class com.google.common.base.CharMatcher$JavaDigit                                    : loaded 2 times (x 107B)
Class com.google.common.base.Equivalence                                              : loaded 2 times (x 78B)
Class com.google.common.collect.ImmutableMapEntry$NonTerminalImmutableMapEntry        : loaded 2 times (x 81B)
Class com.google.common.base.Function                                                 : loaded 2 times (x 66B)
Class com.google.common.cache.CacheBuilder$OneWeigher                                 : loaded 2 times (x 78B)
Class com.google.common.collect.RegularImmutableList                                  : loaded 2 times (x 208B)
Class com.google.common.collect.ImmutableBiMapFauxverideShim                          : loaded 2 times (x 116B)
Class org.gradle.internal.classloader.ClasspathUtil                                   : loaded 2 times (x 67B)
Class com.google.common.base.Charsets                                                 : loaded 2 times (x 67B)
Class com.google.common.util.concurrent.Uninterruptibles                              : loaded 2 times (x 67B)
Class com.google.common.collect.Maps                                                  : loaded 2 times (x 67B)
Class com.google.common.base.CharMatcher$JavaUpperCase                                : loaded 2 times (x 107B)
Class org.gradle.api.specs.Spec                                                       : loaded 2 times (x 66B)
Class [Lcom.google.common.collect.ImmutableEntry;                                     : loaded 2 times (x 65B)
Class com.google.common.cache.LocalCache$LoadingValueReference                        : loaded 2 times (x 92B)
Class com.google.common.base.Platform                                                 : loaded 2 times (x 67B)
Class [Lorg.objectweb.asm.AnnotationWriter;                                           : loaded 2 times (x 65B)
Class com.google.common.primitives.Ints$IntConverter                                  : loaded 2 times (x 86B)
Class com.google.common.collect.Maps$8                                                : loaded 2 times (x 78B)
Class com.google.common.collect.Sets$SetView                                          : loaded 2 times (x 134B)
Class com.google.common.cache.LocalCache$StrongValueReference                         : loaded 2 times (x 86B)
Class com.google.common.util.concurrent.AbstractFuture$SynchronizedHelper             : loaded 2 times (x 74B)
Class com.google.common.base.CharMatcher$Invisible                                    : loaded 2 times (x 108B)
Class org.objectweb.asm.Type                                                          : loaded 2 times (x 68B)
Class org.gradle.internal.classloader.VisitableURLClassLoader$InstrumentingVisitableURLClassLoader: loaded 2 times (x 119B)
Class org.objectweb.asm.ByteVector                                                    : loaded 2 times (x 74B)
Class [Lcom.google.common.cache.CacheBuilder$NullListener;                            : loaded 2 times (x 65B)
Class com.google.common.math.IntMath$1                                                : loaded 2 times (x 67B)
Class org.gradle.internal.classloader.VisitableURLClassLoader$Spec                    : loaded 2 times (x 70B)
Class org.gradle.internal.classpath.DefaultClassPath                                  : loaded 2 times (x 86B)
Class org.objectweb.asm.Symbol                                                        : loaded 2 times (x 69B)
Class com.google.common.base.AbstractIterator                                         : loaded 2 times (x 76B)
Class com.google.common.collect.RegularImmutableMap$Values                            : loaded 2 times (x 203B)
Class com.google.common.collect.ImmutableSet                                          : loaded 2 times (x 141B)
Class com.google.common.base.CharMatcher$BitSetMatcher                                : loaded 2 times (x 108B)
Class com.google.common.base.CharMatcher$Ascii                                        : loaded 2 times (x 108B)
Class org.gradle.internal.classloader.ClassLoaderSpec                                 : loaded 2 times (x 67B)
Class org.objectweb.asm.AnnotationWriter                                              : loaded 2 times (x 74B)
Class com.google.common.cache.CacheStats                                              : loaded 2 times (x 67B)
Class org.objectweb.asm.RecordComponentWriter                                         : loaded 2 times (x 74B)
Class com.google.common.util.concurrent.AbstractFuture$Listener                       : loaded 2 times (x 68B)
Class com.google.common.base.CharMatcher$Or                                           : loaded 2 times (x 108B)
Class Settings_gradle$1$1                                                             : loaded 2 times (x 70B)
Class org.objectweb.asm.Attribute                                                     : loaded 2 times (x 73B)
Class com.google.common.base.Supplier                                                 : loaded 2 times (x 66B)
Class org.gradle.internal.classloader.VisitableURLClassLoader                         : loaded 2 times (x 113B)
Class com.google.common.util.concurrent.AbstractFuture$Waiter                         : loaded 2 times (x 68B)
Class Settings_gradle                                                                 : loaded 2 times (x 124B)
Class org.gradle.internal.Cast                                                        : loaded 2 times (x 67B)
Class org.gradle.api.Action                                                           : loaded 2 times (x 66B)
Class com.google.common.collect.Sets                                                  : loaded 2 times (x 67B)
Class org.objectweb.asm.Handler                                                       : loaded 2 times (x 68B)
Class com.google.common.base.Strings                                                  : loaded 2 times (x 67B)
Class com.google.common.base.Ticker                                                   : loaded 2 times (x 68B)
Class com.google.common.base.CharMatcher$FastMatcher                                  : loaded 2 times (x 107B)
Class [Lcom.google.common.cache.LocalCache$Segment;                                   : loaded 2 times (x 65B)
Class [Lcom.google.common.cache.LocalCache$Strength;                                  : loaded 2 times (x 65B)
Class com.google.common.cache.CacheBuilder$1                                          : loaded 2 times (x 81B)
Class com.google.common.collect.ImmutableMap                                          : loaded 2 times (x 116B)
Class com.google.common.base.Predicate                                                : loaded 2 times (x 66B)
Class org.gradle.internal.classpath.DefaultClassPath$ImmutableUniqueList$Builder      : loaded 2 times (x 71B)
Class com.google.common.cache.LocalCache                                              : loaded 2 times (x 183B)
Class com.google.common.cache.CacheBuilder$2                                          : loaded 2 times (x 75B)
Class com.google.common.base.CharMatcher$NegatedFastMatcher                           : loaded 2 times (x 109B)
Class com.google.common.cache.CacheBuilder$3                                          : loaded 2 times (x 68B)
Class [Lcom.google.common.collect.AbstractMapEntry;                                   : loaded 2 times (x 65B)
Class com.google.common.collect.ImmutableEntry                                        : loaded 2 times (x 78B)
Class com.google.common.collect.ArrayListMultimap                                     : loaded 2 times (x 168B)
Class com.google.common.base.AbstractIterator$1                                       : loaded 2 times (x 67B)
Class com.google.common.base.CharMatcher$Digit                                        : loaded 2 times (x 108B)
Class org.gradle.api.GradleException                                                  : loaded 2 times (x 78B)
Class com.google.common.collect.CollectPreconditions                                  : loaded 2 times (x 67B)
Class com.google.common.base.CharMatcher$JavaIsoControl                               : loaded 2 times (x 108B)
Class com.google.common.collect.SortedMapDifference                                   : loaded 2 times (x 66B)
Class com.google.common.base.CharMatcher$JavaLowerCase                                : loaded 2 times (x 107B)
Class com.google.common.cache.LocalCache$EntryFactory                                 : loaded 2 times (x 79B)
Class com.google.common.cache.LocalCache$AbstractReferenceEntry                       : loaded 2 times (x 103B)
Class com.google.common.base.Splitter$1$1                                             : loaded 2 times (x 82B)
Class com.google.common.base.CharMatcher$Whitespace                                   : loaded 2 times (x 108B)
Class org.gradle.internal.IoActions                                                   : loaded 2 times (x 67B)
Class org.objectweb.asm.SymbolTable                                                   : loaded 2 times (x 68B)
Class com.google.common.cache.CacheLoader$InvalidCacheLoadException                   : loaded 2 times (x 78B)
Class com.google.common.collect.ImmutableSet$RegularSetBuilderImpl                    : loaded 2 times (x 73B)
Class com.google.common.base.CharMatcher$SingleWidth                                  : loaded 2 times (x 108B)
Class org.gradle.internal.classloader.SystemClassLoaderSpec                           : loaded 2 times (x 67B)
Class com.google.common.cache.LocalCache$StrongEntry                                  : loaded 2 times (x 104B)
Class com.google.common.util.concurrent.AbstractFuture$TrustedFuture                  : loaded 2 times (x 110B)
Class com.google.common.cache.LoadingCache                                            : loaded 2 times (x 66B)
Class org.objectweb.asm.MethodWriter                                                  : loaded 2 times (x 101B)
Class [Lcom.google.common.cache.Weigher;                                              : loaded 2 times (x 65B)
Class com.google.common.collect.RegularImmutableMap$BucketOverflowException           : loaded 2 times (x 78B)
Class com.google.common.collect.RegularImmutableBiMap                                 : loaded 2 times (x 144B)
Class com.google.common.cache.LocalCache$ValueReference                               : loaded 2 times (x 66B)
Class com.google.common.base.CharMatcher$Negated                                      : loaded 2 times (x 109B)
Class com.google.common.base.CharMatcher$Is                                           : loaded 2 times (x 107B)
Class com.google.common.util.concurrent.AbstractFuture$Failure                        : loaded 2 times (x 68B)
Class com.google.common.base.PatternCompiler                                          : loaded 2 times (x 66B)
Class com.google.common.base.Equivalence$Equals                                       : loaded 2 times (x 78B)
Class com.google.common.collect.Hashing                                               : loaded 2 times (x 67B)
Class com.google.common.base.Preconditions                                            : loaded 2 times (x 67B)
Class org.objectweb.asm.Label                                                         : loaded 2 times (x 69B)
Class org.objectweb.asm.CurrentFrame                                                  : loaded 2 times (x 69B)
Class org.objectweb.asm.ClassTooLargeException                                        : loaded 2 times (x 79B)
Class com.google.common.collect.PeekingIterator                                       : loaded 2 times (x 66B)
Class com.google.common.base.CharMatcher                                              : loaded 2 times (x 107B)
Class org.objectweb.asm.Frame                                                         : loaded 2 times (x 69B)
Class org.objectweb.asm.MethodVisitor                                                 : loaded 2 times (x 100B)
Class com.google.common.cache.LocalCache$EntryFactory$1                               : loaded 2 times (x 79B)
Class [Lcom.google.common.cache.RemovalListener;                                      : loaded 2 times (x 65B)
Class com.google.common.base.CharMatcher$1                                            : loaded 2 times (x 109B)
Class com.google.common.base.CharMatcher$NamedFastMatcher                             : loaded 2 times (x 108B)
Class com.google.common.cache.LocalCache$EntryFactory$2                               : loaded 2 times (x 79B)
Class org.gradle.api.internal.classpath.GlobalCacheRootsProvider                      : loaded 2 times (x 66B)
Class org.objectweb.asm.ModuleWriter                                                  : loaded 2 times (x 77B)
Class com.google.common.cache.LocalCache$EntryFactory$3                               : loaded 2 times (x 79B)
Class com.google.common.base.Ticker$1                                                 : loaded 2 times (x 68B)
Class com.google.common.collect.ImmutableMapEntrySet$RegularEntrySet                  : loaded 2 times (x 147B)
Class com.google.common.collect.Maps$BiMapConverter                                   : loaded 2 times (x 86B)
Class com.google.common.cache.LocalCache$EntryFactory$4                               : loaded 2 times (x 79B)
Class com.google.common.collect.ImmutableSet$Builder                                  : loaded 2 times (x 81B)
Class com.google.common.base.CharMatcher$InRange                                      : loaded 2 times (x 107B)
Class com.google.common.cache.LocalCache$EntryFactory$5                               : loaded 2 times (x 79B)
Class com.google.common.cache.LocalCache$EntryFactory$6                               : loaded 2 times (x 79B)
Class org.gradle.internal.installation.CurrentGradleInstallationLocator               : loaded 2 times (x 67B)
Class com.google.common.cache.LocalCache$EntryFactory$7                               : loaded 2 times (x 79B)
Class com.google.common.collect.ImmutableSet$EmptySetBuilderImpl                      : loaded 2 times (x 72B)
Class com.google.common.collect.ImmutableList                                         : loaded 2 times (x 202B)
Class org.gradle.internal.service.DefaultServiceLocator                               : loaded 2 times (x 79B)
Class com.google.common.cache.LocalCache$EntryFactory$8                               : loaded 2 times (x 79B)
Class com.google.common.collect.ImmutableSet$SetBuilderImpl                           : loaded 2 times (x 72B)
Class org.gradle.internal.installation.CurrentGradleInstallation                      : loaded 2 times (x 69B)
Class com.google.common.cache.CacheLoader$1                                           : loaded 2 times (x 71B)
Class com.google.common.collect.ImmutableList$SubList                                 : loaded 2 times (x 204B)
Class org.gradle.util.internal.GUtil                                                  : loaded 2 times (x 67B)
Class com.google.common.util.concurrent.AbstractFuture$SetFuture                      : loaded 2 times (x 71B)
Class com.google.common.cache.AbstractCache$StatsCounter                              : loaded 2 times (x 66B)
Class com.google.common.collect.Iterators$MergingIterator                             : loaded 2 times (x 77B)
Class com.google.common.collect.RegularImmutableSet                                   : loaded 2 times (x 144B)
Class org.gradle.internal.installation.GradleInstallation                             : loaded 2 times (x 71B)
Class com.google.common.collect.Iterables                                             : loaded 2 times (x 67B)
Class com.google.common.base.Splitter$Strategy                                        : loaded 2 times (x 66B)

---------------  S Y S T E M  ---------------

OS:
 Windows 11 , 64 bit Build 26100 (10.0.26100.8115)
OS uptime: 3 days 20:07 hours

CPU: total 8 (initial active 8) (4 cores per cpu, 2 threads per core) family 6 model 126 stepping 5 microcode 0xc2, cx8, cmov, fxsr, ht, mmx, 3dnowpref, sse, sse2, sse3, ssse3, sse4.1, sse4.2, popcnt, lzcnt, tsc, tscinvbit, avx, avx2, aes, erms, clmul, bmi1, bmi2, adx, avx512f, avx512dq, avx512cd, avx512bw, avx512vl, sha, fma, vzeroupper, avx512_vpopcntdq, avx512_vpclmulqdq, avx512_vaes, avx512_vnni, clflush, clflushopt, avx512_vbmi2, avx512_vbmi, rdtscp, rdpid, fsrm, gfni, avx512_bitalg, f16c, pku, avx512_ifma
Processor Information for the first 8 processors :
  Max Mhz: 1190, Current Mhz: 991, Mhz Limit: 987

Memory: 4k page, system-wide physical 7959M (24M free)
TotalPageFile size 32535M (AvailPageFile size 2M)
current process WorkingSet (physical memory assigned to process): 186M, peak: 244M
current process commit charge ("private bytes"): 382M, peak: 382M

vm_info: OpenJDK 64-Bit Server VM (21.0.6+-13368085-b895.109) for windows-amd64 JRE (21.0.6+-13368085-b895.109), built on 2025-04-16T17:01:31Z by "builder" with MS VC++ 16.10 / 16.11 (VS2019)

END.
